Format_ID,Uploaded_Date,Percentage_Time,Poss_Per_Game,Points,PPP,Rank,Rating,FG_miss,FG_Made,FGA,FG,Adjusted_FG,Percent_Turnover,Percent_FT,Percent_Shooting_Foul,Percent_Score,Category_ID,Element_ID,Team_ID
1,2018-12-23,1,83.5,82.8,0.99,0.94,Excellent,29.4,29.8,59.2,0.5,0.57,0.18,0.15,0.09,0.46,10,1,1
2,2018-12-23,1,84.1,69.8,0.83,0.76,Very Good,36,25.5,61.5,0.41,0.48,0.17,0.12,0.09,0.38,1,1,1
1,2018-12-23,0.15,12.5,14.6,1.18,0.96,Excellent,3.7,5.6,9.4,0.6,0.66,0.16,0.14,0.1,0.54,10,9,1
1,2018-12-23,0.15,12.5,14.6,1.18,0.96,Excellent,3.7,5.6,9.4,0.6,0.66,0.16,0.14,0.1,0.54,2,9,1
2,2018-12-23,0.16,13.7,11.8,0.86,0.86,Excellent,5.5,4.3,9.8,0.44,0.52,0.18,0.12,0.11,0.39,2,9,1
2,2018-12-23,0.16,13.7,11.8,0.86,0.86,Excellent,5.5,4.3,9.8,0.44,0.52,0.18,0.12,0.11,0.39,1,9,1
1,2018-12-23,0.85,71.1,68.2,0.96,0.92,Excellent,25.6,24.2,49.8,0.49,0.55,0.18,0.15,0.09,0.45,10,10,1
2,2018-12-23,0.84,70.4,58,0.82,0.68,Very Good,30.5,21.2,51.6,0.41,0.47,0.17,0.12,0.09,0.38,1,10,1
1,2018-12-23,0.03,2.2,0.5,0.21,0.01,Poor,1.9,0.2,2.1,0.09,0.11,0.04,0,0,0.08,10,11,1
2,2018-12-23,0.04,3.1,1.5,0.5,0.85,Excellent,1.9,0.6,2.5,0.25,0.29,0.12,0.06,0.06,0.24,1,11,1
1,2018-12-23,0.08,5.8,6.6,1.14,0.95,Excellent,1.5,2.5,4,0.61,0.72,0.17,0.16,0.11,0.53,10,12,1
2,2018-12-23,0.08,5.3,3.7,0.71,0.78,Very Good,2.3,1.4,3.6,0.38,0.43,0.21,0.12,0.12,0.33,1,12,1
1,2018-12-23,0.04,2.5,3,1.22,0.97,Excellent,0.6,1.1,1.7,0.63,0.74,0.15,0.15,0.04,0.56,10,13,1
2,2018-12-23,0.06,4.4,3.5,0.79,0.5,Average,2.1,1,3.1,0.32,0.37,0.15,0.17,0.15,0.38,1,13,1
1,2018-12-23,0.1,7.1,6.2,0.87,0.6,Good,3.3,2.5,5.7,0.43,0.48,0.12,0.09,0.03,0.41,10,14,1
2,2018-12-23,0.11,7.7,5.4,0.69,0.85,Excellent,3.8,1.7,5.5,0.31,0.37,0.18,0.13,0.12,0.32,1,14,1
1,2018-12-23,0.99,70.5,67.6,0.96,0.92,Excellent,25.3,24,49.3,0.49,0.55,0.18,0.15,0.09,0.45,10,44,1
1,2018-12-23,0.01,0.6,0.5,0.86,-,-,0.4,0.2,0.5,0.33,0.5,0.14,0,0,0.29,10,45,1
1,2018-12-23,0.06,4.5,5.5,1.22,0.98,Excellent,0.8,1.5,2.3,0.64,0.76,0.2,0.31,0.06,0.59,10,46,1
1,2018-12-23,0.22,18.2,17.4,0.96,0.71,Very Good,9,6,15,0.4,0.52,0.13,0.07,0.04,0.38,2,2,1
2,2018-12-23,0.2,16.6,14.1,0.85,0.7,Very Good,9.2,4.8,14,0.34,0.46,0.1,0.07,0.06,0.34,2,2,1
1,2018-12-23,0.12,9.6,11.2,1.16,0.7,Very Good,3,4.8,7.8,0.62,0.62,0.08,0.19,0.16,0.59,2,18,1
2,2018-12-23,0.07,5.5,4.9,0.9,0.92,Excellent,1.9,1.7,3.6,0.48,0.48,0.13,0.25,0.25,0.5,2,18,1
1,2018-12-23,0.11,8.8,9.7,1.1,0.85,Excellent,3.9,3.5,7.5,0.48,0.58,0.09,0.09,0.07,0.45,2,6,1
2,2018-12-23,0.06,5.4,5.6,1.05,0.21,Below Average,2.4,2.1,4.5,0.47,0.59,0.12,0.05,0.05,0.44,2,6,1
1,2018-12-23,0.1,7.9,7.1,0.9,0.67,Very Good,2.8,2.5,5.4,0.48,0.48,0.14,0.21,0.13,0.48,2,4,1
2,2018-12-23,0.06,4.8,4.4,0.91,0.33,Average,1.9,1.6,3.5,0.46,0.46,0.11,0.19,0.17,0.45,2,4,1
1,2018-12-23,0.08,6.6,6.7,1.01,0.96,Excellent,1.8,2.7,4.5,0.6,0.66,0.27,0.07,0.07,0.45,2,3,1
2,2018-12-23,0.14,12.1,10.6,0.88,0.21,Below Average,5.4,4.3,9.6,0.44,0.5,0.18,0.06,0.06,0.38,2,3,1
1,2018-12-23,0.05,4.2,3.7,0.89,0.18,Below Average,1.3,1.3,2.5,0.5,0.5,0.17,0.26,0.22,0.48,2,19,1
2,2018-12-23,0.06,5.4,5.6,1.05,0.48,Average,1.9,2.3,4.2,0.54,0.54,0.05,0.2,0.12,0.54,2,19,1
1,2018-12-23,0.05,3.9,3.6,0.93,0.85,Excellent,1.4,1.2,2.5,0.46,0.52,0.16,0.23,0.14,0.47,2,5,1
2,2018-12-23,0.06,5,3.2,0.64,0.8,Very Good,2,1.3,3.3,0.39,0.39,0.2,0.16,0.13,0.33,2,5,1
1,2018-12-23,0.04,3.3,3.1,0.94,0.47,Average,1.4,1.3,2.6,0.48,0.52,0.11,0.08,0.08,0.47,2,8,1
2,2018-12-23,0.07,5.7,5,0.87,0.65,Very Good,2.7,1.9,4.6,0.41,0.47,0.11,0.1,0.08,0.4,2,8,1
1,2018-12-23,0.02,1.5,1.5,1.06,0.87,Excellent,0.5,0.6,1.2,0.54,0.58,0.13,0.06,0.06,0.5,2,7,1
2,2018-12-23,0.04,3.3,1.8,0.56,0.87,Excellent,2.1,0.6,2.7,0.23,0.27,0.11,0.06,0.03,0.25,2,7,1
1,2018-12-23,0.09,7.1,4.1,0.58,0.8,Very Good,0.5,0.2,0.7,0.25,0.31,0.59,0.31,0.03,0.33,2,20,1
2,2018-12-23,0.08,6.6,2.7,0.41,0.64,Good,1,0.5,1.5,0.35,0.38,0.56,0.22,0.03,0.26,2,20,1
1,2018-12-23,0.06,5.2,4.5,0.86,0.64,Good,2,1.5,3.5,0.44,0.49,0.18,0.18,0.11,0.42,3,21,1
2,2018-12-23,0.08,6.4,4.5,0.71,0.75,Very Good,2.5,1.7,4.3,0.4,0.44,0.2,0.14,0.11,0.34,3,21,1
1,2018-12-23,0.17,14,13.5,0.96,0.85,Excellent,5.5,5.4,10.8,0.5,0.56,0.18,0.08,0.07,0.43,3,22,1
2,2018-12-23,0.27,22.4,19.3,0.86,0.42,Average,10.5,7.5,18,0.42,0.48,0.15,0.07,0.07,0.37,3,22,1
1,2018-12-23,0.12,9.9,9.4,0.95,0.69,Very Good,3.6,3.4,7,0.48,0.51,0.14,0.18,0.12,0.48,3,23,1
2,2018-12-23,0.07,5.7,5.2,0.91,0.45,Average,2.3,1.9,4.2,0.46,0.48,0.13,0.18,0.16,0.44,3,23,1
1,2018-12-23,0.02,1.3,0.8,0.64,0.16,Below Average,0.6,0.4,1,0.36,0.41,0.21,0,0,0.29,4,24,1
2,2018-12-23,0.02,1.4,1.4,1,0.39,Average,0.5,0.5,1,0.46,0.59,0.2,0.07,0.07,0.4,4,24,1
1,2018-12-23,0.1,8.6,6.7,0.78,0.46,Average,3.6,2.6,6.3,0.42,0.49,0.22,0.07,0.05,0.35,4,25,1
2,2018-12-23,0.14,11.8,8.6,0.73,0.69,Very Good,5.1,3.3,8.4,0.39,0.46,0.24,0.07,0.06,0.32,4,25,1
1,2018-12-23,0.02,2,2.3,1.14,0.64,Good,0.8,0.8,1.6,0.5,0.61,0.14,0.09,0.09,0.46,4,26,1
2,2018-12-23,0.01,0.9,0.8,0.9,0.7,Very Good,0.4,0.3,0.6,0.43,0.57,0.2,0.1,0.1,0.4,4,26,1
1,2018-12-23,0,0.1,0,0,-,-,0.1,0,0.1,0,0,0,0,0,0,5,27,1
2,2018-12-23,0,0.1,0.2,2,-,-,0,0.1,0.1,1,1,0,0,0,1,5,27,1
1,2018-12-23,0.01,0.8,0.8,1,-,-,0.2,0.3,0.5,0.6,0.7,0.33,0.11,0.11,0.44,5,28,1
2,2018-12-23,0.01,1,1,1,0.28,Below Average,0.3,0.5,0.7,0.63,0.69,0.27,0,0,0.46,5,28,1
1,2018-12-23,0.49,24.2,28.8,1.19,0.98,Excellent,13.2,11,24.2,0.46,0.59,0,0.02,0.02,0.46,6,29,1
2,2018-12-23,0.53,27.5,25.7,0.93,0.52,Good,17.7,9.8,27.5,0.36,0.47,0,0,0,0.36,6,29,1
1,2018-12-23,0.03,1.3,0.5,0.36,0.17,Below Average,1.1,0.2,1.3,0.14,0.18,0,0,0,0.14,6,30,1
2,2018-12-23,0.03,1.5,0.5,0.35,0.85,Excellent,1.4,0.2,1.5,0.12,0.18,0,0,0,0.12,6,30,1
1,2018-12-23,0.03,1.5,0.5,0.35,0.03,Poor,1.3,0.3,1.5,0.18,0.18,0,0,0,0.18,6,31,1
2,2018-12-23,0.07,3.6,2.5,0.7,0.5,Average,2.4,1.3,3.6,0.35,0.35,0,0,0,0.35,6,31,1
1,2018-12-23,-,-,-,-,-,-,-,-,-,-,-,-,-,-,-,6,32,1
2,2018-12-23,-,-,-,-,-,-,-,-,-,-,-,-,-,-,-,6,32,1
1,2018-12-23,0.38,18.7,21.5,1.15,0.67,Very Good,8.4,10.4,18.7,0.55,0.55,0,0.07,0.07,0.55,6,33,1
2,2018-12-23,0.33,16.9,18,1.07,0.67,Very Good,8.5,8.5,16.9,0.5,0.5,0,0.08,0.08,0.5,6,33,1
1,2018-12-23,0.11,5.4,5.2,0.97,0.51,Good,2.8,2.5,5.4,0.48,0.48,0,0.03,0.03,0.48,6,34,1
2,2018-12-23,0.07,3.5,3.5,0.97,0.5,Average,1.9,1.6,3.5,0.46,0.46,0,0.05,0.05,0.46,6,34,1
1,2018-12-23,0,0.1,0,0,-,-,0.1,0,0.1,0,0,0,0,0,0,6,35,1
2,2018-12-23,0,0.1,0,0,-,-,0.1,0,0.1,0,0,0,0,0,0,6,35,1
1,2018-12-23,-,-,-,-,-,-,-,-,-,-,-,-,-,-,-,6,36,1
2,2018-12-23,-,-,-,-,-,-,-,-,-,-,-,-,-,-,-,6,36,1
1,2018-12-23,0.33,16.2,19.7,1.22,0.93,Excellent,9.1,7.1,16.2,0.44,0.61,0,0.01,0.01,0.44,7,37,1
2,2018-12-23,0.29,14.8,16.7,1.13,0.18,Below Average,8.9,5.9,14.8,0.4,0.56,0,0,0,0.4,7,37,1
1,2018-12-23,0.52,8.5,8.7,1.03,0.71,Very Good,5.2,3.3,8.5,0.39,0.51,0,0.02,0.02,0.39,7,38,1
2,2018-12-23,0.39,5.8,5.9,1.02,0.36,Average,3.7,2.1,5.8,0.36,0.51,0,0,0,0.36,7,38,1
1,2018-12-23,0.48,7.7,11,1.42,0.96,Excellent,3.9,3.8,7.7,0.49,0.71,0,0,0,0.49,7,39,1
2,2018-12-23,0.61,9,10.8,1.2,0.27,Below Average,5.2,3.8,9,0.42,0.6,0,0,0,0.42,7,39,1
1,2018-12-23,0.14,7.1,8.2,1.15,0.99,Excellent,3.5,3.5,7.1,0.5,0.56,0,0.04,0.04,0.5,8,40,1
2,2018-12-23,0.23,11.7,8.3,0.71,0.69,Very Good,8.2,3.5,11.7,0.3,0.35,0,0,0,0.3,8,40,1
1,2018-12-23,0.15,3.7,4.4,1.17,0.99,Excellent,1.6,2.1,3.7,0.56,0.56,0,0.05,0.05,0.56,9,41,1
2,2018-12-23,0.21,5.7,4.9,0.86,0.23,Below Average,3.3,2.5,5.7,0.43,0.43,0,0,0,0.43,9,41,1
1,2018-12-23,0.23,5.5,5,0.92,0.86,Excellent,3,2.5,5.5,0.45,0.45,0,0.02,0.02,0.45,9,42,1
2,2018-12-23,0.18,4.8,2.5,0.53,0.8,Very Good,3.5,1.3,4.8,0.26,0.26,0,0,0,0.26,9,42,1
1,2018-12-23,0.62,15,19.5,1.3,0.98,Excellent,8.5,6.5,15,0.43,0.65,0,0.01,0.01,0.43,9,43,1
2,2018-12-23,0.62,17,18.3,1.08,0.29,Below Average,10.9,6.1,17,0.36,0.54,0,0,0,0.36,9,43,1
2,2018-12-23,0.96,67.5,56.2,0.83,0.59,Good,28.8,20.6,49.5,0.42,0.48,0.17,0.12,0.09,0.39,1,15,1
2,2018-12-23,0.04,2.8,1.8,0.65,0.95,Excellent,1.6,0.5,2.2,0.25,0.31,0.13,0.13,0.13,0.29,1,16,1
2,2018-12-23,0.07,5.2,3.3,0.63,0.87,Excellent,2.3,1.2,3.5,0.34,0.37,0.23,0.11,0.07,0.32,1,17,1
1,2018-12-23,1,86.3,76,0.88,0.56,Good,34.8,27.5,62.2,0.44,0.51,0.18,0.11,0.08,0.4,10,1,2
2,2018-12-23,1,85.8,81.1,0.95,0.15,Below Average,33,29.2,62.2,0.47,0.54,0.17,0.13,0.08,0.43,1,1,2
1,2018-12-23,0.16,13.4,11.4,0.85,0.18,Below Average,5,4.4,9.4,0.47,0.53,0.23,0.09,0.09,0.39,10,9,2
1,2018-12-23,0.16,13.4,11.4,0.85,0.18,Below Average,5,4.4,9.4,0.47,0.53,0.23,0.09,0.09,0.39,2,9,2
2,2018-12-23,0.15,12.5,15.8,1.27,0.01,Poor,3.5,6.4,9.9,0.64,0.72,0.12,0.12,0.07,0.57,2,9,2
2,2018-12-23,0.15,12.5,15.8,1.27,0.01,Poor,3.5,6.4,9.9,0.64,0.72,0.12,0.12,0.07,0.57,1,9,2
1,2018-12-23,0.85,72.9,64.6,0.89,0.69,Very Good,29.8,23.1,52.8,0.44,0.51,0.18,0.12,0.08,0.4,10,10,2
2,2018-12-23,0.86,73.3,65.3,0.89,0.29,Below Average,29.5,22.8,52.2,0.44,0.5,0.17,0.14,0.08,0.41,1,10,2
1,2018-12-23,0.02,1.3,0.8,0.59,0.29,Below Average,0.8,0.4,1.2,0.31,0.31,0.06,0,0,0.29,10,11,2
2,2018-12-23,0.03,2.9,2.2,0.74,0.45,Average,1.8,0.8,2.5,0.3,0.35,0.05,0.11,0.03,0.34,1,11,2
1,2018-12-23,0.07,5.3,5.2,0.99,0.83,Excellent,2.1,1.9,4,0.48,0.57,0.16,0.12,0.12,0.44,10,12,2
2,2018-12-23,0.09,6.5,5,0.77,0.6,Good,3,1.5,4.5,0.33,0.41,0.18,0.16,0.13,0.35,1,12,2
1,2018-12-23,0.04,3.2,2.3,0.73,0.4,Average,1.2,0.8,2,0.39,0.44,0.22,0.15,0.07,0.34,10,13,2
2,2018-12-23,0.04,2.5,1.8,0.73,0.64,Good,1.2,0.7,1.9,0.36,0.44,0.21,0.03,0.03,0.3,1,13,2
1,2018-12-23,0.13,9.5,9,0.95,0.78,Very Good,4,3.2,7.2,0.44,0.5,0.12,0.15,0.11,0.44,10,14,2
2,2018-12-23,0.13,9.3,6.8,0.73,0.78,Very Good,4.5,2.7,7.2,0.37,0.42,0.16,0.07,0.05,0.33,1,14,2
1,2018-12-23,0.93,67.8,59.5,0.88,0.67,Very Good,27.7,21.2,48.9,0.43,0.5,0.18,0.12,0.08,0.4,10,44,2
1,2018-12-23,0.07,5.1,5.2,1.02,0.76,Very Good,2.1,1.8,3.9,0.47,0.56,0.12,0.14,0.08,0.46,10,45,2
1,2018-12-23,0.11,8.2,6.8,0.83,0.55,Good,2.8,2.2,5.1,0.44,0.51,0.24,0.15,0.08,0.4,10,46,2
1,2018-12-23,0.25,21.2,20.3,0.96,0.71,Very Good,11.9,6.9,18.8,0.37,0.49,0.07,0.05,0.05,0.37,2,2,2
2,2018-12-23,0.27,23,20.8,0.9,0.49,Average,12.3,7.2,19.5,0.37,0.49,0.11,0.06,0.04,0.35,2,2,2
1,2018-12-23,0.07,6.4,7.2,1.13,0.62,Good,2.2,3.1,5.2,0.59,0.59,0.06,0.16,0.12,0.6,2,18,2
2,2018-12-23,0.09,7.3,8.1,1.11,0.48,Average,2.2,3.4,5.6,0.6,0.6,0.12,0.16,0.15,0.56,2,18,2
1,2018-12-23,0.07,6.2,6.5,1.05,0.79,Very Good,3.3,2.2,5.5,0.4,0.53,0.04,0.09,0.06,0.42,2,6,2
2,2018-12-23,0.08,6.6,6.5,0.98,0.32,Average,3.2,2.5,5.7,0.43,0.54,0.11,0.06,0.05,0.41,2,6,2
1,2018-12-23,0.06,4.8,4.2,0.87,0.62,Good,1.4,1.5,2.8,0.51,0.51,0.23,0.21,0.16,0.44,2,4,2
2,2018-12-23,0.07,5.8,4.9,0.84,0.53,Good,2.1,1.9,4,0.48,0.48,0.17,0.17,0.13,0.43,2,4,2
1,2018-12-23,0.13,11,8.5,0.77,0.57,Good,4.3,3.2,7.5,0.43,0.48,0.25,0.08,0.06,0.36,2,3,2
2,2018-12-23,0.1,8.2,7.8,0.95,0.1,Poor,2.4,2.6,5,0.52,0.57,0.24,0.19,0.12,0.46,2,3,2
1,2018-12-23,0.07,6,6.4,1.06,0.57,Good,2.1,2.3,4.4,0.53,0.53,0.1,0.22,0.17,0.53,2,19,2
2,2018-12-23,0.06,5,5.4,1.08,0.41,Average,1.8,2.1,3.8,0.54,0.54,0.05,0.22,0.14,0.54,2,19,2
1,2018-12-23,0.08,6.5,5.2,0.8,0.56,Good,2.5,2.1,4.5,0.46,0.46,0.19,0.11,0.06,0.42,2,5,2
2,2018-12-23,0.05,4.6,3.4,0.73,0.59,Good,2.2,1.1,3.3,0.33,0.34,0.13,0.17,0.13,0.38,2,5,2
1,2018-12-23,0.02,1.9,2.2,1.16,0.79,Very Good,0.8,0.9,1.7,0.55,0.61,0.08,0.08,0.08,0.52,2,8,2
2,2018-12-23,0.03,2.5,2.2,0.91,0.59,Good,1.2,0.9,2.2,0.43,0.43,0.06,0.09,0.09,0.44,2,8,2
1,2018-12-23,0.02,1.6,1.8,1.1,0.9,Excellent,0.7,0.5,1.2,0.4,0.43,0.05,0.29,0.19,0.52,2,7,2
2,2018-12-23,0.03,2.5,1.7,0.69,0.72,Very Good,1.3,0.6,1.9,0.32,0.42,0.19,0.03,0.03,0.28,2,7,2
1,2018-12-23,0.09,7.3,2.4,0.33,0.19,Below Average,0.7,0.4,1.1,0.36,0.43,0.66,0.19,0.01,0.18,2,20,2
2,2018-12-23,0.09,7.8,4.6,0.59,0.16,Below Average,0.7,0.5,1.2,0.44,0.47,0.54,0.31,0.04,0.31,2,20,2
1,2018-12-23,0.1,8.6,6.7,0.78,0.42,Average,3.8,2.6,6.5,0.41,0.43,0.16,0.09,0.05,0.38,3,21,2
2,2018-12-23,0.08,6.7,5.4,0.81,0.56,Good,3.2,1.8,5,0.37,0.4,0.14,0.14,0.12,0.39,3,21,2
1,2018-12-23,0.2,17.2,15.3,0.89,0.7,Very Good,6.8,5.8,12.6,0.46,0.53,0.2,0.08,0.07,0.4,3,22,2
2,2018-12-23,0.19,16.6,14.5,0.88,0.38,Average,6.8,5.1,11.8,0.43,0.49,0.19,0.13,0.09,0.4,3,22,2
1,2018-12-23,0.07,5.6,5.4,0.96,0.73,Very Good,1.8,1.9,3.7,0.52,0.56,0.19,0.18,0.14,0.45,3,23,2
2,2018-12-23,0.09,7.6,7.3,0.96,0.28,Below Average,2.8,2.8,5.6,0.49,0.54,0.14,0.14,0.11,0.46,3,23,2
1,2018-12-23,0.03,2.2,1.5,0.71,0.22,Below Average,1.4,0.5,1.9,0.28,0.36,0.07,0.04,0.04,0.29,4,24,2
2,2018-12-23,0.02,2.1,2,0.96,0.44,Average,0.9,0.8,1.7,0.46,0.52,0.15,0.07,0.07,0.41,4,24,2
1,2018-12-23,0.09,8.2,6.8,0.84,0.61,Good,2.5,2.5,5.1,0.5,0.61,0.32,0.07,0.07,0.37,4,25,2
2,2018-12-23,0.12,10.5,7.3,0.7,0.75,Very Good,4.4,2.5,6.8,0.36,0.43,0.26,0.1,0.04,0.32,4,25,2
1,2018-12-23,0.01,0.8,1.2,1.46,0.91,Excellent,0.4,0.5,0.8,0.55,0.73,0,0,0,0.55,4,26,2
2,2018-12-23,0.02,1.8,2.4,1.35,0.17,Below Average,0.8,0.8,1.6,0.52,0.69,0.04,0.04,0.04,0.52,4,26,2
1,2018-12-23,0.01,0.6,0,0,-,-,0.2,0,0.2,0,0,0.75,0,0,0,5,27,2
2,2018-12-23,0,0.2,0.2,0.67,-,-,0.2,0.1,0.2,0.33,0.33,0,0,0,0.33,5,27,2
1,2018-12-23,0.01,0.8,0.6,0.73,0.37,Average,0.3,0.2,0.5,0.43,0.5,0.27,0.09,0.09,0.36,5,28,2
2,2018-12-23,0.02,2,1.6,0.81,0.58,Good,0.8,0.6,1.4,0.44,0.56,0.23,0.08,0.08,0.35,5,28,2
1,2018-12-23,0.6,31.8,32.7,1.03,0.81,Very Good,19.1,12.7,31.8,0.4,0.51,0,0.01,0.01,0.4,6,29,2
2,2018-12-23,0.54,28.3,26.9,0.95,0.46,Average,18.4,9.9,28.3,0.35,0.47,0,0,0,0.35,6,29,2
1,2018-12-23,0.01,0.6,0.3,0.5,-,-,0.5,0.2,0.6,0.25,0.25,0,0,0,0.25,6,30,2
2,2018-12-23,0.03,1.6,0.8,0.52,0.67,Very Good,1.3,0.3,1.6,0.19,0.26,0,0,0,0.19,6,30,2
1,2018-12-23,0.06,3.1,1.8,0.6,0.29,Below Average,2.2,0.9,3.1,0.3,0.3,0,0,0,0.3,6,31,2
2,2018-12-23,0.05,2.4,1.3,0.55,0.8,Very Good,1.8,0.6,2.4,0.26,0.26,0,0.07,0.07,0.26,6,31,2
1,2018-12-23,0,0.2,0,0,-,-,0.2,0,0.2,0,0,0,0,0,0,6,32,2
2,2018-12-23,0,0.2,0,0,-,-,0.2,0,0.2,0,0,0,0,0,0,6,32,2
1,2018-12-23,0.29,15.2,16.5,1.09,0.44,Average,7.2,8,15.2,0.53,0.53,0,0.06,0.06,0.53,6,33,2
2,2018-12-23,0.34,17.5,21.2,1.21,0.23,Below Average,7.2,10.3,17.5,0.59,0.59,0,0.07,0.07,0.59,6,33,2
1,2018-12-23,0.05,2.8,3.1,1.08,0.76,Very Good,1.4,1.5,2.8,0.51,0.51,0,0.05,0.05,0.51,6,34,2
2,2018-12-23,0.08,4,3.9,0.98,0.49,Average,2.1,1.9,4,0.48,0.48,0,0.04,0.04,0.48,6,34,2
1,2018-12-23,-,-,-,-,-,-,-,-,-,-,-,-,-,-,-,6,35,2
2,2018-12-23,0,0.1,0.2,2,-,-,0,0.1,0.1,1,1,0,0,0,1,6,35,2
1,2018-12-23,-,-,-,-,-,-,-,-,-,-,-,-,-,-,-,6,36,2
2,2018-12-23,-,-,-,-,-,-,-,-,-,-,-,-,-,-,-,6,36,2
1,2018-12-23,0.34,17.9,19.9,1.11,0.8,Very Good,11.2,6.8,17.9,0.38,0.55,0,0,0,0.38,7,37,2
2,2018-12-23,0.39,20.5,20.3,0.99,0.55,Good,13.5,7,20.5,0.34,0.5,0,0,0,0.34,7,37,2
1,2018-12-23,0.65,11.6,12.5,1.07,0.79,Very Good,7.4,4.2,11.6,0.36,0.53,0,0.01,0.01,0.36,7,38,2
2,2018-12-23,0.54,11,9.2,0.83,0.76,Very Good,7.8,3.2,11,0.29,0.42,0,0,0,0.29,7,38,2
1,2018-12-23,0.35,6.3,7.5,1.18,0.67,Very Good,3.8,2.5,6.3,0.4,0.59,0,0,0,0.4,7,39,2
2,2018-12-23,0.46,9.5,11.2,1.18,0.31,Average,5.6,3.8,9.5,0.41,0.59,0,0,0,0.41,7,39,2
1,2018-12-23,0.23,12.3,11.7,0.95,0.86,Excellent,6.9,5.4,12.3,0.44,0.48,0,0,0,0.44,8,40,2
2,2018-12-23,0.12,6.5,5.7,0.88,0.19,Below Average,3.9,2.5,6.5,0.39,0.44,0,0.01,0.01,0.39,8,40,2
1,2018-12-23,0.25,7.9,7.5,0.95,0.86,Excellent,4.2,3.8,7.9,0.48,0.48,0,0.01,0.01,0.48,9,41,2
2,2018-12-23,0.13,3.5,2.8,0.78,0.43,Average,2.2,1.4,3.5,0.39,0.39,0,0,0,0.39,9,41,2
1,2018-12-23,0.14,4.3,3.4,0.79,0.67,Very Good,2.6,1.7,4.3,0.39,0.39,0,0,0,0.39,9,42,2
2,2018-12-23,0.12,3.4,3.1,0.91,0.14,Poor,1.8,1.5,3.4,0.46,0.46,0,0,0,0.46,9,42,2
1,2018-12-23,0.62,19.5,21.8,1.11,0.83,Excellent,12.3,7.2,19.5,0.37,0.56,0,0,0,0.37,9,43,2
2,2018-12-23,0.76,21.4,21.1,0.99,0.57,Good,14.4,7,21.4,0.33,0.49,0,0,0,0.33,9,43,2
2,2018-12-23,0.94,68.8,60.9,0.89,0.33,Average,27.3,21.2,48.5,0.44,0.5,0.18,0.14,0.09,0.41,1,15,2
2,2018-12-23,0.06,4.5,4.4,0.98,0.32,Average,2.2,1.6,3.8,0.43,0.53,0.09,0.1,0.05,0.4,1,16,2
2,2018-12-23,0.03,2.1,1.8,0.85,0.43,Average,0.6,0.5,1.1,0.43,0.54,0.22,0.26,0,0.37,1,17,2
1,2018-12-23,1,84.1,79.1,0.94,0.82,Very Good,30.4,30,60.4,0.5,0.55,0.18,0.13,0.09,0.44,10,1,3
2,2018-12-23,1,83,76.1,0.92,0.28,Below Average,33.1,28.1,61.3,0.46,0.53,0.18,0.11,0.07,0.41,1,1,3
1,2018-12-23,0.16,13.1,13.8,1.05,0.75,Very Good,4.8,5.5,10.3,0.54,0.59,0.13,0.12,0.11,0.5,10,9,3
1,2018-12-23,0.16,13.1,13.8,1.05,0.75,Very Good,4.8,5.5,10.3,0.54,0.59,0.13,0.12,0.11,0.5,2,9,3
2,2018-12-23,0.18,14.5,17.4,1.2,0.03,Poor,4.9,7,11.9,0.59,0.65,0.1,0.11,0.09,0.56,2,9,3
2,2018-12-23,0.18,14.5,17.4,1.2,0.03,Poor,4.9,7,11.9,0.59,0.65,0.1,0.11,0.09,0.56,1,9,3
1,2018-12-23,0.84,71,65.4,0.92,0.84,Excellent,25.6,24.5,50.1,0.49,0.55,0.19,0.13,0.08,0.43,10,10,3
2,2018-12-23,0.83,68.5,58.8,0.86,0.48,Average,28.3,21.1,49.4,0.43,0.5,0.2,0.11,0.07,0.37,1,10,3
1,2018-12-23,0.03,2.6,2.1,0.81,0.73,Very Good,1.1,0.8,1.9,0.4,0.5,0.19,0.1,0,0.38,10,11,3
2,2018-12-23,0.02,1.4,0.9,0.64,0.6,Good,1,0.3,1.3,0.2,0.3,0,0.09,0.09,0.27,1,11,3
1,2018-12-23,0.08,5.6,6.6,1.18,0.97,Excellent,1.6,2.6,4.3,0.62,0.68,0.13,0.11,0.09,0.58,10,12,3
2,2018-12-23,0.07,4.6,3.3,0.7,0.8,Very Good,2.1,1.3,3.4,0.37,0.48,0.24,0.03,0,0.27,1,12,3
1,2018-12-23,0.04,2.8,2.3,0.82,0.54,Good,1.3,1.1,2.4,0.47,0.47,0.09,0.05,0,0.41,10,13,3
2,2018-12-23,0.05,3.6,2.9,0.79,0.5,Average,1.8,1.1,2.9,0.39,0.44,0.21,0.1,0.1,0.31,1,13,3
1,2018-12-23,0.11,8,6.9,0.86,0.57,Good,2.9,2.1,5,0.43,0.48,0.2,0.2,0.13,0.41,10,14,3
2,2018-12-23,0.13,8.6,7.3,0.84,0.5,Average,4,2.6,6.6,0.4,0.48,0.16,0.09,0.07,0.36,1,14,3
1,2018-12-23,0.99,70.3,64.8,0.92,0.84,Excellent,25.4,24.4,49.8,0.49,0.55,0.19,0.12,0.08,0.43,10,44,3
1,2018-12-23,0.01,0.8,0.6,0.83,-,-,0.3,0.1,0.4,0.33,0.33,0,0.5,0,0.5,10,45,3
1,2018-12-23,0.08,5.8,5.5,0.96,0.78,Very Good,2,1.8,3.8,0.47,0.53,0.15,0.2,0.07,0.48,10,46,3
1,2018-12-23,0.17,14.5,13.9,0.96,0.72,Very Good,7.1,5,12.1,0.41,0.56,0.15,0.03,0.02,0.35,2,2,3
2,2018-12-23,0.34,27.9,26.8,0.96,0.29,Below Average,14.9,9,23.9,0.38,0.51,0.1,0.05,0.05,0.37,2,2,3
1,2018-12-23,0.12,10,14.8,1.48,0.98,Excellent,1.3,6.4,7.6,0.84,0.84,0.11,0.2,0.2,0.76,2,18,3
2,2018-12-23,0.1,8.1,9.6,1.19,0.3,Below Average,2.8,3.9,6.6,0.59,0.59,0.05,0.2,0.19,0.6,2,18,3
1,2018-12-23,0.04,3.4,2.6,0.78,0.36,Average,2,1,3,0.33,0.42,0.11,0.04,0.04,0.3,2,6,3
2,2018-12-23,0.02,1.4,1.5,1.09,0.16,Below Average,0.9,0.5,1.4,0.36,0.55,0,0,0,0.36,2,6,3
1,2018-12-23,0.09,7.9,7.3,0.92,0.72,Very Good,2.8,3.1,5.9,0.53,0.53,0.18,0.08,0.06,0.48,2,4,3
2,2018-12-23,0.05,4.1,3.5,0.85,0.51,Good,1.4,1.5,2.9,0.52,0.52,0.24,0.09,0.06,0.42,2,4,3
1,2018-12-23,0.15,12.5,9.6,0.77,0.57,Good,4.8,3.3,8,0.41,0.44,0.22,0.16,0.11,0.38,2,3,3
2,2018-12-23,0.07,6.1,4.6,0.76,0.5,Average,2.3,1.6,3.9,0.42,0.48,0.29,0.14,0.08,0.31,2,3,3
1,2018-12-23,0.06,4.6,5.3,1.14,0.73,Very Good,1.4,2.3,3.6,0.62,0.62,0.08,0.14,0.11,0.57,2,19,3
2,2018-12-23,0.05,3.8,2.9,0.77,0.97,Excellent,1.5,1.3,2.8,0.46,0.46,0.13,0.17,0.1,0.4,2,19,3
1,2018-12-23,0.04,3.6,1.4,0.38,0.01,Poor,2.4,0.6,3,0.21,0.23,0.17,0,0,0.17,2,5,3
2,2018-12-23,0.09,7.1,5.8,0.81,0.42,Average,3.1,2.1,5.3,0.41,0.43,0.16,0.14,0.11,0.39,2,5,3
1,2018-12-23,0.03,2.5,3,1.2,0.85,Excellent,0.6,1.3,1.9,0.67,0.67,0.1,0.2,0.15,0.65,2,8,3
2,2018-12-23,0.01,0.8,1,1.33,-,-,0.3,0.4,0.6,0.6,0.6,0,0.17,0.17,0.67,2,8,3
1,2018-12-23,0.07,5.5,3.9,0.71,0.35,Average,3,1.3,4.3,0.29,0.38,0.16,0.11,0.09,0.27,2,7,3
2,2018-12-23,0.02,1.4,1,0.73,0.65,Very Good,0.6,0.5,1.1,0.44,0.44,0.18,0,0,0.36,2,7,3
1,2018-12-23,0.08,6.5,3.8,0.58,0.8,Very Good,0.4,0.4,0.8,0.5,0.58,0.56,0.33,0.02,0.33,2,20,3
2,2018-12-23,0.1,7.9,2.1,0.27,0.94,Excellent,0.6,0.4,1,0.38,0.38,0.71,0.16,0,0.14,2,20,3
1,2018-12-23,0.06,4.8,3.3,0.68,0.22,Below Average,2.5,1.4,3.9,0.36,0.42,0.18,0,0,0.29,3,21,3
2,2018-12-23,0.14,11.9,12.3,1.03,0.08,Poor,5,4.3,9.3,0.46,0.56,0.12,0.15,0.12,0.45,3,21,3
1,2018-12-23,0.26,22.1,20.1,0.91,0.74,Very Good,8.5,7.5,16,0.47,0.53,0.18,0.14,0.1,0.42,3,22,3
2,2018-12-23,0.16,12.9,12,0.93,0.21,Below Average,5.3,4.3,9.5,0.45,0.55,0.19,0.1,0.07,0.38,3,22,3
1,2018-12-23,0.12,9.9,10,1.01,0.85,Excellent,3.4,4.3,7.6,0.56,0.58,0.15,0.08,0.06,0.51,3,23,3
2,2018-12-23,0.07,5.9,5.3,0.89,0.5,Average,2.1,2.1,4.3,0.5,0.52,0.19,0.11,0.09,0.45,3,23,3
1,2018-12-23,0.01,1.1,1.9,1.67,-,-,0.1,0.8,0.9,0.86,1.07,0.22,0,0,0.67,4,24,3
2,2018-12-23,0.06,4.8,6.5,1.37,0.09,Poor,1.9,2.1,4,0.53,0.73,0.05,0.16,0.13,0.55,4,24,3
1,2018-12-23,0.14,11.9,10.9,0.92,0.82,Very Good,3.8,4.3,8,0.53,0.62,0.24,0.13,0.07,0.42,4,25,3
2,2018-12-23,0.1,8.1,7.4,0.91,0.26,Below Average,3,2.6,5.6,0.47,0.6,0.26,0.05,0.05,0.37,4,25,3
1,2018-12-23,0.02,2,2.8,1.38,0.86,Excellent,0.6,1.1,1.8,0.64,0.75,0.06,0.06,0.06,0.63,4,26,3
2,2018-12-23,0.02,1.8,1.8,1,0.57,Good,0.8,0.6,1.4,0.46,0.5,0.07,0.14,0.14,0.5,4,26,3
1,2018-12-23,-,-,-,-,-,-,-,-,-,-,-,-,-,-,-,5,27,3
2,2018-12-23,0.01,0.5,0,0,-,-,0.3,0,0.3,0,0,0.5,0,0,0,5,27,3
1,2018-12-23,0.01,1.1,1.3,1.11,-,-,0.1,0.5,0.6,0.8,0.9,0.33,0.11,0.11,0.56,5,28,3
2,2018-12-23,0.01,0.8,0.4,0.5,-,-,0.3,0.1,0.4,0.33,0.5,0.5,0,0,0.17,5,28,3
1,2018-12-23,0.43,21.4,20.5,0.96,0.6,Good,14.1,7.3,21.4,0.34,0.47,0,0.02,0.02,0.34,6,29,3
2,2018-12-23,0.59,29,28,0.97,0.4,Average,18.8,10.3,29,0.35,0.48,0,0,0,0.35,6,29,3
1,2018-12-23,0.03,1.5,1.1,0.75,0.67,Very Good,1.1,0.4,1.5,0.25,0.38,0,0,0,0.25,6,30,3
2,2018-12-23,0.02,1.1,0.8,0.67,-,-,0.9,0.3,1.1,0.22,0.33,0,0,0,0.22,6,30,3
1,2018-12-23,0.04,2.1,1.3,0.59,0.27,Below Average,1.5,0.6,2.1,0.29,0.29,0,0,0,0.29,6,31,3
2,2018-12-23,0.03,1.6,1.8,1.08,0.04,Poor,0.8,0.9,1.6,0.54,0.54,0,0,0,0.54,6,31,3
1,2018-12-23,-,-,-,-,-,-,-,-,-,-,-,-,-,-,-,6,32,3
2,2018-12-23,0,0.1,0,0,-,-,0.1,0,0.1,0,0,0,0,0,0,6,32,3
1,2018-12-23,0.41,20.8,27.6,1.33,0.98,Excellent,7.3,13.5,20.8,0.65,0.65,0,0.06,0.06,0.65,6,33,3
2,2018-12-23,0.32,15.9,18,1.13,0.42,Average,7.4,8.5,15.9,0.54,0.54,0,0.08,0.08,0.54,6,33,3
1,2018-12-23,0.12,5.9,6.3,1.06,0.74,Very Good,2.8,3.1,5.9,0.53,0.53,0,0,0,0.53,6,34,3
2,2018-12-23,0.06,2.9,3.1,1.09,0.3,Below Average,1.4,1.5,2.9,0.52,0.52,0,0.04,0.04,0.52,6,34,3
1,2018-12-23,0.01,0.3,0.5,2,-,-,0,0.3,0.3,1,1,0,0,0,1,6,35,3
2,2018-12-23,-,-,-,-,-,-,-,-,-,-,-,-,-,-,-,6,35,3
1,2018-12-23,-,-,-,-,-,-,-,-,-,-,-,-,-,-,-,6,36,3
2,2018-12-23,-,-,-,-,-,-,-,-,-,-,-,-,-,-,-,6,36,3
1,2018-12-23,0.24,12,13.9,1.16,0.85,Excellent,7.5,4.5,12,0.38,0.56,0,0.03,0.03,0.38,7,37,3
2,2018-12-23,0.42,20.8,21.5,1.04,0.46,Average,13.1,7.6,20.8,0.37,0.52,0,0.01,0.01,0.37,7,37,3
1,2018-12-23,0.55,6.6,10.1,1.53,0.99,Excellent,3.4,3.3,6.6,0.49,0.74,0,0.06,0.06,0.49,7,38,3
2,2018-12-23,0.52,10.9,11.8,1.08,0.22,Below Average,6.8,4.1,10.9,0.38,0.54,0,0.01,0.01,0.38,7,38,3
1,2018-12-23,0.45,5.4,3.8,0.7,0.03,Poor,4.1,1.3,5.4,0.23,0.35,0,0,0,0.23,7,39,3
2,2018-12-23,0.48,9.9,9.8,0.99,0.72,Very Good,6.4,3.5,9.9,0.35,0.49,0,0,0,0.35,7,39,3
1,2018-12-23,0.16,7.8,6.3,0.81,0.61,Good,5.1,2.6,7.8,0.34,0.4,0,0,0,0.34,8,40,3
2,2018-12-23,0.14,6.8,5.1,0.76,0.54,Good,4.6,2.1,6.8,0.32,0.38,0,0,0,0.32,8,40,3
1,2018-12-23,0.12,2.5,1.5,0.6,0.2,Below Average,1.8,0.8,2.5,0.3,0.3,0,0,0,0.3,9,41,3
2,2018-12-23,0.1,2.8,2,0.73,0.57,Good,1.8,1,2.8,0.36,0.36,0,0,0,0.36,9,41,3
1,2018-12-23,0.09,2,1.8,0.88,0.82,Very Good,1.1,0.9,2,0.44,0.44,0,0,0,0.44,9,42,3
2,2018-12-23,0.16,4.6,3.5,0.76,0.38,Average,2.9,1.8,4.6,0.38,0.38,0,0,0,0.38,9,42,3
1,2018-12-23,0.79,16.9,17.3,1.02,0.58,Good,11.3,5.6,16.9,0.33,0.5,0,0.02,0.02,0.33,9,43,3
2,2018-12-23,0.75,21.6,22.5,1.04,0.39,Average,14.1,7.5,21.6,0.35,0.52,0,0.01,0.01,0.35,9,43,3
2,2018-12-23,0.9,61.5,53.5,0.87,0.4,Average,24.9,19.3,44.1,0.44,0.51,0.2,0.11,0.07,0.38,1,15,3
2,2018-12-23,0.1,7,5.3,0.75,0.83,Excellent,3.4,1.9,5.3,0.36,0.43,0.16,0.09,0.07,0.32,1,16,3
2,2018-12-23,0.03,2.1,1.1,0.53,0.96,Excellent,0.3,0.3,0.5,0.5,0.5,0.53,0.24,0.12,0.24,1,17,3
1,2018-12-23,1,93.6,79.5,0.85,0.42,Average,38.7,29.4,68.1,0.43,0.48,0.17,0.12,0.08,0.41,10,1,4
2,2018-12-23,1,92.4,88.3,0.96,0.12,Poor,36.5,30.8,67.4,0.46,0.53,0.15,0.15,0.1,0.43,1,1,4
1,2018-12-23,0.16,15.2,14.4,0.95,0.44,Average,5.6,5.5,11.1,0.49,0.55,0.17,0.12,0.1,0.44,10,9,4
1,2018-12-23,0.16,15.2,14.4,0.95,0.44,Average,5.6,5.5,11.1,0.49,0.55,0.17,0.12,0.1,0.44,2,9,4
2,2018-12-23,0.21,19.6,20.2,1.03,0.32,Average,6.6,6.9,13.5,0.51,0.57,0.17,0.18,0.14,0.48,2,9,4
2,2018-12-23,0.21,19.6,20.2,1.03,0.32,Average,6.6,6.9,13.5,0.51,0.57,0.17,0.18,0.14,0.48,1,9,4
1,2018-12-23,0.84,78.5,65.2,0.83,0.42,Average,33.1,23.9,57,0.42,0.47,0.17,0.12,0.07,0.4,10,10,4
2,2018-12-23,0.79,72.7,68.1,0.94,0.11,Poor,29.9,23.9,53.8,0.44,0.52,0.15,0.14,0.09,0.42,1,10,4
1,2018-12-23,0.02,1.9,1.2,0.62,0.36,Average,1.3,0.4,1.6,0.22,0.28,0.05,0.1,0.05,0.29,10,11,4
2,2018-12-23,0.03,2.4,1.6,0.69,0.51,Good,1.5,0.5,2,0.27,0.39,0.08,0.08,0.08,0.27,1,11,4
1,2018-12-23,0.08,6,6.1,1.02,0.86,Excellent,2.2,2.2,4.4,0.5,0.55,0.15,0.14,0.11,0.49,10,12,4
2,2018-12-23,0.06,4.1,2.6,0.64,0.88,Excellent,1.7,1,2.7,0.37,0.47,0.29,0.07,0.07,0.27,1,12,4
1,2018-12-23,0.05,3.9,1.1,0.28,0.01,Poor,1.9,0.4,2.3,0.16,0.16,0.37,0.05,0.05,0.14,10,13,4
2,2018-12-23,0.04,2.7,2.5,0.9,0.32,Average,1.3,0.9,2.2,0.42,0.5,0.13,0.07,0.07,0.4,1,13,4
1,2018-12-23,0.11,8.3,7,0.85,0.54,Good,3.9,2.6,6.5,0.4,0.47,0.15,0.07,0.03,0.37,10,14,4
2,2018-12-23,0.11,8.3,6.1,0.74,0.77,Very Good,4.3,2.3,6.5,0.35,0.4,0.17,0.07,0.02,0.32,1,14,4
1,2018-12-23,0.97,76.4,63,0.83,0.43,Average,32.5,23,55.5,0.42,0.46,0.17,0.12,0.07,0.4,10,44,4
1,2018-12-23,0.03,2.1,2.2,1.04,0.79,Very Good,0.6,0.9,1.5,0.59,0.65,0.22,0.04,0.04,0.48,10,45,4
1,2018-12-23,0.06,4.9,4,0.82,0.52,Good,2.1,1.1,3.2,0.34,0.4,0.17,0.19,0.06,0.41,10,46,4
1,2018-12-23,0.18,16.5,13.9,0.85,0.33,Average,8.6,5.2,13.8,0.38,0.48,0.12,0.04,0.03,0.34,2,2,4
2,2018-12-23,0.28,25.4,24.2,0.95,0.3,Below Average,14.1,8.4,22.5,0.37,0.5,0.07,0.07,0.06,0.37,2,2,4
1,2018-12-23,0.1,8.9,9.3,1.04,0.4,Average,3.3,4,7.3,0.55,0.55,0.08,0.12,0.12,0.55,2,18,4
2,2018-12-23,0.09,8.1,9.8,1.21,0.23,Below Average,2.5,4.1,6.5,0.63,0.63,0.08,0.17,0.16,0.62,2,18,4
1,2018-12-23,0.07,6.2,6.5,1.04,0.77,Very Good,3.4,2.5,5.9,0.43,0.51,0.02,0.04,0.04,0.44,2,6,4
2,2018-12-23,0.03,3,3.3,1.09,0.16,Below Average,1.4,1.1,2.5,0.44,0.57,0.12,0.09,0.06,0.42,2,6,4
1,2018-12-23,0.09,8.7,7,0.8,0.47,Average,3.7,2.9,6.6,0.44,0.44,0.1,0.15,0.08,0.41,2,4,4
2,2018-12-23,0.08,7.4,5.7,0.78,0.68,Very Good,3,1.9,4.9,0.39,0.39,0.19,0.19,0.16,0.41,2,4,4
1,2018-12-23,0.12,11.1,8.1,0.73,0.46,Average,4.8,2.9,7.7,0.38,0.43,0.22,0.12,0.09,0.34,2,3,4
2,2018-12-23,0.08,7.5,7.5,0.99,0.06,Poor,2.8,2.7,5.5,0.49,0.57,0.17,0.13,0.08,0.43,2,3,4
1,2018-12-23,0.08,7.6,6.7,0.88,0.15,Below Average,2.8,2.5,5.4,0.48,0.48,0.14,0.19,0.16,0.48,2,19,4
2,2018-12-23,0.07,6.5,8.1,1.24,0.11,Poor,2,3.1,5.1,0.61,0.62,0.08,0.17,0.15,0.61,2,19,4
1,2018-12-23,0.07,6.2,3.7,0.6,0.16,Below Average,3.2,1.4,4.5,0.3,0.31,0.15,0.13,0.09,0.32,2,5,4
2,2018-12-23,0.05,4.3,3.6,0.85,0.31,Average,1.9,1.3,3.2,0.4,0.44,0.11,0.15,0.11,0.4,2,5,4
1,2018-12-23,0.04,3.5,3.7,1.05,0.62,Good,1.5,1.4,2.9,0.47,0.55,0.1,0.08,0.05,0.46,2,8,4
2,2018-12-23,0.02,2.2,1.8,0.83,0.69,Very Good,1.2,0.6,1.8,0.35,0.35,0.04,0.21,0.21,0.38,2,8,4
1,2018-12-23,0.03,2.6,2.1,0.79,0.52,Good,1.4,0.8,2.2,0.38,0.44,0.14,0.03,0.03,0.35,2,7,4
2,2018-12-23,0.02,1.5,1.5,1,0.17,Below Average,0.6,0.5,1.2,0.46,0.54,0.13,0.06,0.06,0.44,2,7,4
1,2018-12-23,0.08,7.1,4.2,0.59,0.83,Excellent,0.4,0.3,0.6,0.43,0.43,0.59,0.32,0,0.35,2,20,4
2,2018-12-23,0.08,6.9,2.6,0.38,0.74,Very Good,0.5,0.2,0.6,0.29,0.29,0.63,0.29,0.01,0.24,2,20,4
1,2018-12-23,0.08,7.5,4.5,0.6,0.1,Poor,3.8,1.7,5.5,0.31,0.32,0.16,0.11,0.07,0.32,3,21,4
2,2018-12-23,0.07,6.2,5.4,0.87,0.37,Average,2.9,2,4.9,0.41,0.46,0.09,0.12,0.09,0.4,3,21,4
1,2018-12-23,0.21,19.5,16.8,0.86,0.6,Good,8.8,6.1,14.9,0.41,0.48,0.16,0.1,0.07,0.39,3,22,4
2,2018-12-23,0.19,17.9,17.4,0.97,0.13,Poor,8.4,6.3,14.6,0.43,0.52,0.1,0.11,0.09,0.42,3,22,4
1,2018-12-23,0.11,10.2,8.3,0.81,0.39,Average,4.4,3.5,7.8,0.44,0.45,0.11,0.13,0.07,0.4,3,23,4
2,2018-12-23,0.12,10.9,9.5,0.88,0.57,Good,4.9,3.3,8.2,0.4,0.44,0.13,0.17,0.14,0.42,3,23,4
1,2018-12-23,0.01,1.3,0.7,0.57,0.1,Poor,0.6,0.4,1,0.36,0.36,0.21,0,0,0.29,4,24,4
2,2018-12-23,0.02,1.9,1.7,0.91,0.55,Good,1,0.7,1.7,0.42,0.5,0.05,0.05,0.05,0.38,4,24,4
1,2018-12-23,0.12,10.7,8.9,0.83,0.59,Good,4,3.2,7.2,0.44,0.54,0.26,0.07,0.04,0.36,4,25,4
2,2018-12-23,0.12,11.5,10.1,0.88,0.33,Average,5.5,3.5,9.1,0.39,0.48,0.13,0.1,0.09,0.37,4,25,4
1,2018-12-23,0.02,1.5,1.3,0.88,0.34,Average,0.6,0.5,1.2,0.46,0.54,0.13,0.06,0,0.38,4,26,4
2,2018-12-23,0.04,3.5,3.8,1.08,0.48,Average,1.9,1.4,3.3,0.42,0.53,0,0.13,0.1,0.44,4,26,4
1,2018-12-23,0,0.2,0.2,1,-,-,0,0,0,-,-,0.5,0.5,0,0.5,5,27,4
2,2018-12-23,0,0.2,0,0,-,-,0.1,0,0.1,0,0,0.5,0,0,0,5,27,4
1,2018-12-23,0.01,1,0.8,0.82,0.47,Average,0.5,0.4,0.8,0.44,0.5,0.18,0,0,0.36,5,28,4
2,2018-12-23,0.03,2.8,1.6,0.58,0.86,Excellent,1.4,0.6,2,0.32,0.39,0.23,0.1,0.07,0.26,5,28,4
1,2018-12-23,0.45,25.6,23.6,0.92,0.5,Average,16.6,9,25.6,0.35,0.46,0,0.01,0.01,0.35,6,29,4
2,2018-12-23,0.52,27.8,28.4,1.02,0.21,Below Average,17.5,10.3,27.8,0.37,0.51,0,0.01,0.01,0.37,6,29,4
1,2018-12-23,0.02,1,0.5,0.55,0.39,Average,0.8,0.2,1,0.18,0.27,0,0,0,0.18,6,30,4
2,2018-12-23,0.03,1.6,1.5,0.94,0.15,Below Average,1.1,0.5,1.6,0.33,0.47,0,0,0,0.33,6,30,4
1,2018-12-23,0.05,3.1,0.9,0.29,0.02,Poor,2.6,0.5,3.1,0.15,0.15,0,0,0,0.15,6,31,4
2,2018-12-23,0.05,2.5,1.4,0.56,0.79,Very Good,1.8,0.6,2.5,0.26,0.26,0,0.04,0.04,0.26,6,31,4
1,2018-12-23,-,-,-,-,-,-,-,-,-,-,-,-,-,-,-,6,32,4
2,2018-12-23,0,0.2,0,0,-,-,0.2,0,0.2,0,0,0,0,0,0,6,32,4
1,2018-12-23,0.38,21.6,23.5,1.08,0.41,Average,10.1,11.5,21.6,0.53,0.53,0,0.04,0.04,0.53,6,33,4
2,2018-12-23,0.35,18.6,23.4,1.25,0.13,Poor,7.5,11.1,18.6,0.6,0.6,0,0.07,0.07,0.6,6,33,4
1,2018-12-23,0.12,6.6,5.9,0.89,0.37,Average,3.7,2.9,6.6,0.44,0.44,0,0.01,0.01,0.44,6,34,4
2,2018-12-23,0.09,4.9,4,0.82,0.84,Excellent,3,1.9,4.9,0.39,0.39,0,0.06,0.06,0.39,6,34,4
1,2018-12-23,-,-,-,-,-,-,-,-,-,-,-,-,-,-,-,6,35,4
2,2018-12-23,-,-,-,-,-,-,-,-,-,-,-,-,-,-,-,6,35,4
1,2018-12-23,-,-,-,-,-,-,-,-,-,-,-,-,-,-,-,6,36,4
2,2018-12-23,-,-,-,-,-,-,-,-,-,-,-,-,-,-,-,6,36,4
1,2018-12-23,0.24,13.8,14.1,1.02,0.56,Good,8.9,4.9,13.8,0.36,0.51,0,0,0,0.36,7,37,4
2,2018-12-23,0.37,19.9,19.2,0.96,0.65,Very Good,13.4,6.5,19.9,0.33,0.48,0,0.01,0.01,0.33,7,37,4
1,2018-12-23,0.53,7.4,5.5,0.74,0.11,Poor,5.5,1.9,7.4,0.26,0.37,0,0,0,0.26,7,38,4
2,2018-12-23,0.59,11.7,9.6,0.82,0.78,Very Good,8.5,3.2,11.7,0.27,0.41,0,0.02,0.02,0.27,7,38,4
1,2018-12-23,0.47,6.5,8.6,1.34,0.89,Excellent,3.5,3,6.5,0.47,0.67,0,0,0,0.47,7,39,4
2,2018-12-23,0.41,8.2,9.5,1.17,0.34,Average,4.8,3.4,8.2,0.41,0.58,0,0,0,0.41,7,39,4
1,2018-12-23,0.17,9.6,7.2,0.75,0.44,Average,6.5,3.1,9.6,0.32,0.37,0,0.01,0.01,0.32,8,40,4
2,2018-12-23,0.11,5.9,6.6,1.12,0.01,Poor,3.2,2.7,5.9,0.46,0.56,0,0,0,0.46,8,40,4
1,2018-12-23,0.23,5.9,5.1,0.86,0.75,Very Good,3.5,2.5,5.9,0.42,0.42,0,0.03,0.03,0.42,9,41,4
2,2018-12-23,0.13,3.5,3.3,0.92,0.12,Poor,1.9,1.6,3.5,0.46,0.46,0,0,0,0.46,9,41,4
1,2018-12-23,0.12,3.1,2.2,0.71,0.51,Good,2,1.1,3.1,0.35,0.35,0,0.03,0.03,0.35,9,42,4
2,2018-12-23,0.09,2.5,1.8,0.71,0.46,Average,1.6,0.9,2.5,0.36,0.36,0,0,0,0.36,9,42,4
1,2018-12-23,0.65,16.6,16.4,0.98,0.46,Average,11.2,5.5,16.6,0.33,0.49,0,0,0,0.33,9,43,4
2,2018-12-23,0.78,21.7,23.3,1.07,0.3,Below Average,14,7.7,21.7,0.36,0.53,0,0.01,0.01,0.36,9,43,4
2,2018-12-23,0.94,68.6,63.5,0.93,0.15,Below Average,28.1,22.3,50.4,0.44,0.51,0.15,0.14,0.1,0.42,1,15,4
2,2018-12-23,0.06,4.1,4.6,1.13,0.13,Poor,1.8,1.6,3.5,0.47,0.62,0.09,0.09,0.07,0.44,1,16,4
2,2018-12-23,0.03,2.3,2.5,1.08,0.09,Poor,0.5,0.5,1.1,0.5,0.58,0.12,0.4,0.08,0.56,1,17,4
1,2018-12-23,1,87,76.9,0.88,0.58,Good,38.2,25.8,63.9,0.4,0.47,0.13,0.15,0.11,0.42,10,1,5
2,2018-12-23,1,89.6,80.4,0.9,0.39,Average,35.2,29.7,64.8,0.46,0.5,0.16,0.13,0.08,0.43,1,1,5
1,2018-12-23,0.22,19.2,18.5,0.97,0.5,Average,7.3,6.4,13.7,0.47,0.53,0.14,0.18,0.14,0.47,10,9,5
1,2018-12-23,0.22,19.2,18.5,0.97,0.5,Average,7.3,6.4,13.7,0.47,0.53,0.14,0.18,0.14,0.47,2,9,5
2,2018-12-23,0.18,15.7,15.5,0.99,0.47,Average,5.8,5.7,11.5,0.49,0.54,0.14,0.14,0.1,0.48,2,9,5
2,2018-12-23,0.18,15.7,15.5,0.99,0.47,Average,5.8,5.7,11.5,0.49,0.54,0.14,0.14,0.1,0.48,1,9,5
1,2018-12-23,0.78,67.8,58.4,0.86,0.57,Good,30.9,19.3,50.3,0.39,0.45,0.13,0.14,0.1,0.4,10,10,5
2,2018-12-23,0.83,73.9,64.9,0.88,0.36,Average,29.3,24,53.3,0.45,0.5,0.17,0.13,0.07,0.42,1,10,5
1,2018-12-23,0.02,2,1.7,0.83,0.78,Very Good,1.1,0.6,1.7,0.35,0.45,0.04,0.13,0.08,0.38,10,11,5
2,2018-12-23,0.04,3.8,3,0.8,0.34,Average,2.3,1.2,3.4,0.34,0.42,0.07,0.02,0,0.33,1,11,5
1,2018-12-23,0.07,4.8,4.9,1.02,0.86,Excellent,2.4,1.7,4.1,0.41,0.52,0.07,0.1,0.1,0.41,10,12,5
2,2018-12-23,0.09,6.6,5.3,0.81,0.52,Good,3.2,2.2,5.3,0.41,0.46,0.15,0.05,0.04,0.37,1,12,5
1,2018-12-23,0.04,3,3.2,1.06,0.89,Excellent,1.2,1,2.2,0.46,0.54,0.11,0.19,0.11,0.47,10,13,5
2,2018-12-23,0.05,3.8,4.1,1.07,0.11,Poor,1.3,1.8,3.1,0.6,0.66,0.17,0.02,0.02,0.48,1,13,5
1,2018-12-23,0.12,8.3,5.7,0.68,0.15,Below Average,3.7,2,5.7,0.35,0.41,0.24,0.09,0.07,0.31,10,14,5
2,2018-12-23,0.12,8.6,6,0.7,0.83,Excellent,4,2.6,6.6,0.39,0.42,0.18,0.06,0.05,0.33,1,14,5
1,2018-12-23,0.99,67.3,58.2,0.86,0.61,Good,30.7,19.3,49.9,0.39,0.45,0.13,0.14,0.1,0.4,10,44,5
1,2018-12-23,0.01,0.5,0.3,0.5,-,-,0.3,0.1,0.3,0.25,0.25,0.17,0.17,0,0.33,10,45,5
1,2018-12-23,0.06,4.2,3.6,0.86,0.64,Good,1.1,0.9,2,0.46,0.52,0.24,0.3,0.08,0.48,10,46,5
1,2018-12-23,0.25,21.8,18.5,0.85,0.36,Average,12.1,6.1,18.2,0.34,0.44,0.09,0.09,0.08,0.35,2,2,5
2,2018-12-23,0.2,17.7,14.8,0.84,0.73,Very Good,9.5,5.4,14.9,0.36,0.46,0.1,0.07,0.05,0.35,2,2,5
1,2018-12-23,0.05,4.2,4.5,1.08,0.48,Average,1.6,1.9,3.5,0.55,0.55,0.06,0.1,0.1,0.56,2,18,5
2,2018-12-23,0.09,7.7,8.8,1.14,0.38,Average,2.6,3.9,6.5,0.6,0.6,0.05,0.12,0.12,0.59,2,18,5
1,2018-12-23,0.08,6.5,6.3,0.96,0.65,Very Good,3.5,2.3,5.8,0.39,0.49,0.05,0.08,0.06,0.4,2,6,5
2,2018-12-23,0.05,4.4,4.3,0.98,0.32,Average,2,1.6,3.6,0.44,0.56,0.15,0.06,0.06,0.4,2,6,5
1,2018-12-23,0.04,3.3,3.1,0.95,0.78,Very Good,1.4,1.2,2.6,0.45,0.45,0.08,0.13,0.1,0.49,2,4,5
2,2018-12-23,0.09,8.3,6.7,0.8,0.62,Good,3.3,2.8,6.1,0.45,0.45,0.15,0.16,0.11,0.41,2,4,5
1,2018-12-23,0.07,5.8,4.3,0.73,0.46,Average,2.8,1.4,4.3,0.33,0.39,0.17,0.11,0.07,0.33,2,3,5
2,2018-12-23,0.1,8.7,6.2,0.71,0.59,Good,4,2.6,6.6,0.39,0.42,0.19,0.06,0.06,0.34,2,3,5
1,2018-12-23,0.05,4.7,4.9,1.05,0.54,Good,1.8,1.7,3.5,0.48,0.49,0.09,0.2,0.16,0.52,2,19,5
2,2018-12-23,0.08,6.8,7.1,1.05,0.49,Average,2.3,2.8,5.1,0.54,0.54,0.12,0.16,0.12,0.53,2,19,5
1,2018-12-23,0.13,11.3,9.8,0.86,0.72,Very Good,4.6,3.1,7.7,0.4,0.44,0.15,0.2,0.16,0.43,2,5,5
2,2018-12-23,0.07,6.1,5.2,0.85,0.32,Average,2.6,1.8,4.3,0.4,0.42,0.15,0.16,0.14,0.43,2,5,5
1,2018-12-23,0.03,2.2,2.6,1.19,0.84,Excellent,1,1,2,0.5,0.58,0,0.08,0.08,0.54,2,8,5
2,2018-12-23,0.03,2.7,2.8,1.03,0.41,Average,1.1,1.3,2.3,0.54,0.57,0.06,0.06,0.03,0.5,2,8,5
1,2018-12-23,0.02,2.1,1.8,0.84,0.61,Good,1,0.6,1.6,0.37,0.42,0.12,0.12,0.12,0.36,2,7,5
2,2018-12-23,0.03,3,2.2,0.72,0.66,Very Good,1.6,0.7,2.3,0.3,0.35,0.14,0.11,0.08,0.33,2,7,5
1,2018-12-23,0.07,6.1,2.8,0.47,0.52,Good,1.1,0.2,1.3,0.13,0.13,0.45,0.36,0.04,0.32,2,20,5
2,2018-12-23,0.1,8.7,7,0.81,0.01,Poor,0.3,1.3,1.7,0.8,0.85,0.47,0.35,0.01,0.43,2,20,5
1,2018-12-23,0.17,15,12.3,0.82,0.51,Good,6.8,4.1,10.9,0.37,0.42,0.14,0.16,0.13,0.4,3,21,5
2,2018-12-23,0.09,8.3,6.8,0.82,0.51,Good,3.9,2.4,6.3,0.38,0.41,0.13,0.13,0.1,0.4,3,21,5
1,2018-12-23,0.11,9.8,8.7,0.88,0.68,Very Good,4.8,3,7.8,0.38,0.46,0.11,0.1,0.08,0.39,3,22,5
2,2018-12-23,0.18,16.2,13.6,0.84,0.51,Good,7.6,5.7,13.3,0.43,0.47,0.12,0.07,0.05,0.39,3,22,5
1,2018-12-23,0.05,4.3,3.8,0.87,0.51,Good,2.1,1.3,3.4,0.39,0.39,0.06,0.15,0.14,0.46,3,23,5
2,2018-12-23,0.11,9.9,8,0.81,0.73,Very Good,4.1,3.3,7.4,0.45,0.46,0.14,0.14,0.1,0.4,3,23,5
1,2018-12-23,0.04,3.7,2.5,0.68,0.18,Below Average,2.3,1,3.3,0.31,0.37,0.09,0.05,0.05,0.3,4,24,5
2,2018-12-23,0.03,2.3,1.7,0.74,0.74,Very Good,1.3,0.7,2,0.33,0.38,0.07,0.04,0,0.33,4,24,5
1,2018-12-23,0.05,4.5,4.4,0.98,0.88,Excellent,2,1.6,3.6,0.44,0.54,0.13,0.07,0.07,0.43,4,25,5
2,2018-12-23,0.1,9,7.4,0.82,0.48,Average,3.6,3.1,6.7,0.46,0.52,0.2,0.07,0.04,0.38,4,25,5
1,2018-12-23,0.01,1.1,0.7,0.62,0.08,Poor,0.7,0.2,0.8,0.2,0.2,0,0.23,0.23,0.39,4,26,5
2,2018-12-23,0.02,1.6,1.3,0.84,0.75,Very Good,0.8,0.6,1.3,0.44,0.5,0.11,0.05,0.05,0.37,4,26,5
1,2018-12-23,0,0.1,0.2,2,-,-,0,0.1,0.1,1,1,0,0,0,1,5,27,5
2,2018-12-23,0,0.3,0.4,1.25,-,-,0.2,0.2,0.3,0.5,0.63,0,0,0,0.5,5,27,5
1,2018-12-23,0.01,0.6,0.2,0.29,-,-,0.3,0,0.3,0,0,0.29,0.14,0.14,0.14,5,28,5
2,2018-12-23,0.01,1,1.2,1.17,0.18,Below Average,0.4,0.5,0.9,0.55,0.64,0.08,0,0,0.5,5,28,5
1,2018-12-23,0.6,30,24.8,0.83,0.19,Below Average,20.9,9.1,30,0.3,0.41,0,0,0,0.3,6,29,5
2,2018-12-23,0.4,21.3,20.7,0.97,0.38,Average,13.5,7.8,21.3,0.37,0.48,0,0.01,0.01,0.37,6,29,5
1,2018-12-23,0.02,1.1,1,0.92,0.81,Very Good,0.8,0.3,1.1,0.31,0.46,0,0,0,0.31,6,30,5
2,2018-12-23,0.03,1.8,1.3,0.71,0.41,Average,1.3,0.4,1.8,0.24,0.36,0,0,0,0.24,6,30,5
1,2018-12-23,0.05,2.6,2,0.77,0.64,Good,1.6,1,2.6,0.39,0.39,0,0,0,0.39,6,31,5
2,2018-12-23,0.04,2.1,1.5,0.72,0.44,Average,1.3,0.8,2.1,0.36,0.36,0,0,0,0.36,6,31,5
1,2018-12-23,-,-,-,-,-,-,-,-,-,-,-,-,-,-,-,6,32,5
2,2018-12-23,0,0.2,0.2,1,-,-,0.1,0.1,0.2,0.5,0.5,0,0,0,0.5,6,32,5
1,2018-12-23,0.3,15.1,16.8,1.11,0.52,Good,7,8.1,15.1,0.54,0.54,0,0.06,0.06,0.54,6,33,5
2,2018-12-23,0.45,23.8,25.8,1.08,0.6,Good,11.2,12.7,23.8,0.53,0.53,0,0.04,0.04,0.53,6,33,5
1,2018-12-23,0.05,2.6,2.3,0.9,0.39,Average,1.4,1.2,2.6,0.45,0.45,0,0,0,0.45,6,34,5
2,2018-12-23,0.11,6.1,5.8,0.95,0.58,Good,3.3,2.8,6.1,0.45,0.45,0,0.06,0.06,0.45,6,34,5
1,2018-12-23,0,0.1,0,0,-,-,0.1,0,0.1,0,0,0,0,0,0,6,35,5
2,2018-12-23,-,-,-,-,-,-,-,-,-,-,-,-,-,-,-,6,35,5
1,2018-12-23,-,-,-,-,-,-,-,-,-,-,-,-,-,-,-,6,36,5
2,2018-12-23,-,-,-,-,-,-,-,-,-,-,-,-,-,-,-,6,36,5
1,2018-12-23,0.36,18,16.4,0.91,0.25,Below Average,12.5,5.5,18,0.31,0.46,0,0,0,0.31,7,37,5
2,2018-12-23,0.23,12.3,12.8,1.05,0.41,Average,7.8,4.4,12.3,0.36,0.52,0,0.01,0.01,0.36,7,37,5
1,2018-12-23,0.61,10.9,8.8,0.8,0.23,Below Average,8,2.9,10.9,0.27,0.4,0,0,0,0.27,7,38,5
2,2018-12-23,0.49,6,5.4,0.9,0.59,Good,4.2,1.8,6,0.31,0.44,0,0.01,0.01,0.31,7,38,5
1,2018-12-23,0.39,7.1,7.7,1.08,0.5,Average,4.5,2.6,7.1,0.37,0.54,0,0,0,0.37,7,39,5
2,2018-12-23,0.51,6.3,7.4,1.19,0.3,Below Average,3.7,2.6,6.3,0.41,0.59,0,0,0,0.41,7,39,5
1,2018-12-23,0.18,9.2,5.8,0.63,0.19,Below Average,6.6,2.6,9.2,0.28,0.31,0,0.01,0.01,0.28,8,40,5
2,2018-12-23,0.14,7.5,6.1,0.81,0.36,Average,4.8,2.8,7.5,0.37,0.4,0,0.01,0.01,0.37,8,40,5
1,2018-12-23,0.2,6,3.9,0.65,0.31,Average,4.1,1.9,6,0.32,0.32,0,0.01,0.01,0.32,9,41,5
2,2018-12-23,0.23,4.9,3.9,0.8,0.4,Average,3,1.9,4.9,0.39,0.39,0,0.02,0.02,0.39,9,41,5
1,2018-12-23,0.1,3.1,1.2,0.38,0.06,Poor,2.5,0.6,3.1,0.19,0.19,0,0,0,0.19,9,42,5
2,2018-12-23,0.13,2.7,2.3,0.84,0.23,Below Average,1.6,1.1,2.7,0.41,0.41,0,0.03,0.03,0.41,9,42,5
1,2018-12-23,0.7,20.9,19.8,0.94,0.34,Average,14.3,6.6,20.9,0.32,0.47,0,0,0,0.32,9,43,5
2,2018-12-23,0.65,13.8,14.5,1.06,0.35,Average,8.9,4.8,13.8,0.35,0.53,0,0,0,0.35,9,43,5
2,2018-12-23,1,73.8,64.9,0.88,0.35,Average,29.3,24,53.3,0.45,0.5,0.17,0.13,0.07,0.42,1,15,5
2,2018-12-23,0,0.1,0,0,-,-,0.1,0,0.1,0,0,0,0,0,0,1,16,5
2,2018-12-23,0.04,3.3,2.8,0.85,0.45,Average,1.2,0.6,1.8,0.33,0.41,0.15,0.31,0.05,0.44,1,17,5
1,2018-12-23,1,81.4,71.1,0.87,0.52,Good,31.5,24.8,56.4,0.44,0.51,0.2,0.14,0.1,0.4,10,1,6
2,2018-12-23,1,81.8,71.2,0.87,0.57,Good,32.2,24.8,57.1,0.44,0.5,0.18,0.14,0.09,0.4,1,1,6
1,2018-12-23,0.13,10.4,11.4,1.1,0.86,Excellent,2.9,3.7,6.6,0.56,0.62,0.18,0.23,0.21,0.53,10,9,6
1,2018-12-23,0.13,10.4,11.4,1.1,0.86,Excellent,2.9,3.7,6.6,0.56,0.62,0.18,0.23,0.21,0.53,2,9,6
2,2018-12-23,0.18,14.5,14.4,0.99,0.46,Average,5.4,5,10.4,0.48,0.53,0.15,0.18,0.13,0.46,2,9,6
2,2018-12-23,0.18,14.5,14.4,0.99,0.46,Average,5.4,5,10.4,0.48,0.53,0.15,0.18,0.13,0.46,1,9,6
1,2018-12-23,0.87,71,59.7,0.84,0.48,Average,28.6,21.2,49.8,0.43,0.49,0.2,0.12,0.08,0.38,10,10,6
2,2018-12-23,0.82,67.3,56.8,0.84,0.57,Good,26.8,19.8,46.7,0.43,0.49,0.19,0.13,0.08,0.39,1,10,6
1,2018-12-23,0.03,2.7,1,0.37,0.06,Poor,1.8,0.3,2.2,0.14,0.2,0.17,0.06,0.03,0.14,10,11,6
2,2018-12-23,0.05,4,4.4,1.1,0.04,Poor,1.7,1.7,3.4,0.5,0.6,0.12,0.04,0.02,0.46,1,11,6
1,2018-12-23,0.07,5,4.5,0.91,0.68,Very Good,2.1,1.8,3.9,0.47,0.51,0.15,0.08,0.06,0.42,10,12,6
2,2018-12-23,0.09,5.7,4.6,0.81,0.52,Good,2.6,1.8,4.4,0.4,0.47,0.18,0.07,0.05,0.37,1,12,6
1,2018-12-23,0.06,3.9,2.4,0.61,0.2,Below Average,1.8,1,2.8,0.35,0.37,0.24,0.06,0.04,0.29,10,13,6
2,2018-12-23,0.05,3,2.9,0.97,0.2,Below Average,1.2,1,2.2,0.45,0.5,0.1,0.15,0.1,0.46,1,13,6
1,2018-12-23,0.13,8.9,7.3,0.82,0.46,Average,3.9,2.9,6.8,0.43,0.47,0.18,0.08,0.07,0.38,10,14,6
2,2018-12-23,0.13,8.7,6.8,0.78,0.66,Very Good,3.7,2.5,6.2,0.4,0.46,0.2,0.09,0.04,0.36,1,14,6
1,2018-12-23,0.98,69.7,58,0.83,0.47,Average,28.3,20.6,48.9,0.42,0.48,0.2,0.12,0.08,0.38,10,44,6
1,2018-12-23,0.02,1.3,1.7,1.29,0.95,Excellent,0.3,0.5,0.8,0.64,0.86,0.29,0.12,0.12,0.47,10,45,6
1,2018-12-23,0.07,4.8,2.8,0.58,0.1,Poor,1.5,1,2.5,0.39,0.46,0.4,0.08,0.02,0.26,10,46,6
1,2018-12-23,0.21,17,15.4,0.91,0.55,Good,9.8,5.5,15.3,0.36,0.49,0.08,0.03,0.03,0.34,2,2,6
2,2018-12-23,0.23,19,17.8,0.94,0.36,Average,9.8,6.1,15.8,0.38,0.51,0.11,0.06,0.06,0.37,2,2,6
1,2018-12-23,0.08,6.7,6.8,1.01,0.33,Average,2.3,2.8,5.1,0.55,0.55,0.12,0.17,0.17,0.49,2,18,6
2,2018-12-23,0.06,5.2,5.5,1.04,0.65,Very Good,1.8,2.4,4.2,0.57,0.57,0.13,0.1,0.1,0.53,2,18,6
1,2018-12-23,0.1,8,7.2,0.89,0.53,Good,4,2.4,6.4,0.37,0.47,0.12,0.11,0.08,0.37,2,6,6
2,2018-12-23,0.05,4.3,3.8,0.89,0.48,Average,2.1,1.4,3.5,0.4,0.5,0.13,0.07,0.04,0.38,2,6,6
1,2018-12-23,0.08,6.8,6.2,0.9,0.68,Very Good,2.4,2.5,4.8,0.51,0.51,0.15,0.18,0.1,0.48,2,4,6
2,2018-12-23,0.09,7.5,5.6,0.75,0.77,Very Good,3,1.8,4.8,0.38,0.38,0.17,0.21,0.16,0.38,2,4,6
1,2018-12-23,0.13,10.2,7.1,0.7,0.37,Average,3.9,2.7,6.6,0.41,0.45,0.28,0.08,0.07,0.33,2,3,6
2,2018-12-23,0.14,11.5,10.2,0.89,0.18,Below Average,4.4,3.7,8.1,0.46,0.52,0.21,0.1,0.05,0.4,2,3,6
1,2018-12-23,0.06,4.5,4.7,1.03,0.48,Average,1.6,1.9,3.5,0.54,0.54,0.12,0.2,0.19,0.49,2,19,6
2,2018-12-23,0.05,4.4,4.8,1.09,0.37,Average,1.4,1.5,2.8,0.51,0.51,0.07,0.33,0.25,0.58,2,19,6
1,2018-12-23,0.06,4.5,3.2,0.72,0.41,Average,2.2,1,3.2,0.31,0.33,0.14,0.17,0.1,0.35,2,5,6
2,2018-12-23,0.05,4.4,2.3,0.53,0.92,Excellent,2.2,0.9,3.1,0.3,0.3,0.21,0.09,0.04,0.28,2,5,6
1,2018-12-23,0.04,3.4,4,1.18,0.82,Very Good,1.2,1.7,2.9,0.58,0.65,0.11,0.05,0.05,0.52,2,8,6
2,2018-12-23,0.03,2.2,2.2,1,0.45,Average,0.8,0.9,1.7,0.55,0.59,0.1,0.14,0.14,0.52,2,8,6
1,2018-12-23,0.02,1.5,0.7,0.45,0.04,Poor,0.9,0.2,1.2,0.2,0.23,0.2,0.05,0.05,0.2,2,7,6
2,2018-12-23,0.03,2.6,2.2,0.85,0.44,Average,1.1,0.8,1.8,0.42,0.5,0.21,0.09,0.09,0.38,2,7,6
1,2018-12-23,0.1,8.4,4.5,0.54,0.72,Very Good,0.2,0.5,0.7,0.78,0.83,0.67,0.27,0.06,0.29,2,20,6
2,2018-12-23,0.08,6.2,2.2,0.36,0.78,Very Good,0.5,0.4,0.8,0.46,0.5,0.61,0.25,0.01,0.23,2,20,6
1,2018-12-23,0.07,5.4,4.1,0.76,0.38,Average,2.7,1.3,4,0.33,0.38,0.14,0.14,0.09,0.34,3,21,6
2,2018-12-23,0.07,5.5,3.6,0.65,0.85,Excellent,2.8,1.4,4.2,0.33,0.37,0.18,0.08,0.04,0.31,3,21,6
1,2018-12-23,0.24,19.2,15.9,0.83,0.53,Good,8.4,6.3,14.7,0.43,0.49,0.19,0.07,0.06,0.37,3,22,6
2,2018-12-23,0.24,19.8,18.3,0.92,0.25,Below Average,7.9,6.7,14.6,0.46,0.53,0.18,0.1,0.07,0.41,3,22,6
1,2018-12-23,0.11,9,7.8,0.86,0.5,Average,3.8,3.1,6.8,0.45,0.48,0.13,0.14,0.08,0.44,3,23,6
2,2018-12-23,0.12,9.5,7.5,0.8,0.76,Very Good,4.2,2.5,6.7,0.38,0.41,0.14,0.18,0.14,0.38,3,23,6
1,2018-12-23,0.01,0.9,0.8,0.92,0.44,Average,0.5,0.3,0.8,0.4,0.55,0.17,0,0,0.33,4,24,6
2,2018-12-23,0.01,1.2,1.3,1.13,0.23,Below Average,0.6,0.5,1.1,0.43,0.57,0.07,0.07,0.07,0.4,4,24,6
1,2018-12-23,0.14,11.6,8.9,0.77,0.44,Average,4.5,3.6,8.1,0.45,0.52,0.28,0.05,0.04,0.33,4,25,6
2,2018-12-23,0.13,10.2,8.2,0.81,0.53,Good,3.5,3,6.5,0.46,0.55,0.29,0.08,0.08,0.35,4,25,6
1,2018-12-23,0.03,2.2,1.6,0.75,0.18,Below Average,1.4,0.6,2,0.31,0.4,0.07,0,0,0.29,4,26,6
2,2018-12-23,0.02,1.9,1.9,1,0.57,Good,1.2,0.7,1.8,0.38,0.48,0,0.04,0.04,0.4,4,26,6
1,2018-12-23,0,0.3,0.5,1.5,-,-,0,0.2,0.2,1,1.5,0.5,0,0,0.5,5,27,6
2,2018-12-23,0,0.3,0.6,2,-,-,0,0.2,0.2,1,1.33,0.25,0,0,0.75,5,27,6
1,2018-12-23,0.03,2.1,1.5,0.7,0.35,Average,1,0.5,1.5,0.35,0.45,0.22,0.04,0.04,0.3,5,28,6
2,2018-12-23,0.01,1.1,1,0.93,0.35,Average,0.3,0.3,0.6,0.5,0.63,0.29,0.21,0.14,0.36,5,28,6
1,2018-12-23,0.52,25.9,23.2,0.89,0.36,Average,17.5,8.4,25.9,0.32,0.45,0,0,0,0.32,6,29,6
2,2018-12-23,0.53,24.5,23.8,0.97,0.38,Average,15.8,8.8,24.5,0.36,0.48,0,0,0,0.36,6,29,6
1,2018-12-23,0.03,1.5,0.7,0.45,0.24,Below Average,1.3,0.2,1.5,0.15,0.23,0,0,0,0.15,6,30,6
2,2018-12-23,0.04,2,2.5,1.23,0.03,Poor,1.1,0.9,2,0.46,0.62,0,0,0,0.46,6,30,6
1,2018-12-23,0.05,2.3,1.8,0.77,0.63,Good,1.5,0.8,2.3,0.37,0.37,0,0.03,0.03,0.37,6,31,6
2,2018-12-23,0.07,3.4,2.8,0.82,0.28,Below Average,2,1.4,3.4,0.41,0.41,0,0,0,0.41,6,31,6
1,2018-12-23,0,0.1,0,0,-,-,0.1,0,0.1,0,0,0,0,0,0,6,32,6
2,2018-12-23,0,0.2,0.3,2,-,-,0,0.2,0.2,1,1,0,0,0,1,6,32,6
1,2018-12-23,0.34,16.7,20.1,1.2,0.81,Very Good,7.2,9.5,16.7,0.57,0.57,0,0.09,0.09,0.57,6,33,6
2,2018-12-23,0.3,13.9,15.9,1.14,0.4,Average,6.1,7.8,13.9,0.56,0.56,0,0.04,0.04,0.56,6,33,6
1,2018-12-23,0.1,4.8,5.2,1.06,0.73,Very Good,2.4,2.5,4.8,0.51,0.51,0,0.05,0.05,0.51,6,34,6
2,2018-12-23,0.1,4.8,3.8,0.79,0.86,Excellent,3,1.8,4.8,0.38,0.38,0,0.05,0.05,0.38,6,34,6
1,2018-12-23,0.01,0.2,0.2,1,-,-,0.2,0.1,0.2,0.33,0.33,0,0.33,0.33,0.33,6,35,6
2,2018-12-23,0,0.1,0,0,-,-,0.1,0,0.1,0,0,0,0,0,0,6,35,6
1,2018-12-23,-,-,-,-,-,-,-,-,-,-,-,-,-,-,-,6,36,6
2,2018-12-23,-,-,-,-,-,-,-,-,-,-,-,-,-,-,-,6,36,6
1,2018-12-23,0.34,17,17.3,1.02,0.56,Good,11.2,5.8,17,0.34,0.51,0,0.01,0.01,0.34,7,37,6
2,2018-12-23,0.31,14.4,15.5,1.08,0.32,Average,9.1,5.3,14.4,0.37,0.54,0,0,0,0.37,7,37,6
1,2018-12-23,0.61,10.3,9.3,0.9,0.42,Average,7.2,3.2,10.3,0.31,0.45,0,0.01,0.01,0.31,7,38,6
2,2018-12-23,0.46,6.5,6.3,0.97,0.47,Average,4.4,2.2,6.5,0.33,0.48,0,0,0,0.33,7,38,6
1,2018-12-23,0.39,6.7,8,1.2,0.68,Very Good,4,2.7,6.7,0.4,0.6,0,0,0,0.4,7,39,6
2,2018-12-23,0.55,7.8,9.2,1.18,0.32,Average,4.7,3.2,7.8,0.4,0.59,0,0,0,0.4,7,39,6
1,2018-12-23,0.15,7.2,4.9,0.68,0.28,Below Average,5,2.2,7.2,0.31,0.34,0,0,0,0.31,8,40,6
2,2018-12-23,0.19,9,7.3,0.81,0.35,Average,5.9,3.1,9,0.34,0.41,0,0,0,0.34,8,40,6
1,2018-12-23,0.13,3.2,1.7,0.52,0.1,Poor,2.4,0.8,3.2,0.26,0.26,0,0,0,0.26,9,41,6
2,2018-12-23,0.19,4.5,3.4,0.75,0.54,Good,2.8,1.7,4.5,0.37,0.37,0,0,0,0.37,9,41,6
1,2018-12-23,0.1,2.7,2.3,0.86,0.78,Very Good,1.5,1.2,2.7,0.43,0.43,0,0,0,0.43,9,42,6
2,2018-12-23,0.12,2.8,1.7,0.6,0.7,Very Good,2,0.8,2.8,0.3,0.3,0,0,0,0.3,9,42,6
1,2018-12-23,0.77,20,19.2,0.96,0.39,Average,13.6,6.4,20,0.32,0.48,0,0,0,0.32,9,43,6
2,2018-12-23,0.7,17.2,18.7,1.09,0.25,Below Average,10.9,6.2,17.2,0.36,0.55,0,0,0,0.36,9,43,6
2,2018-12-23,0.99,66.7,56.2,0.84,0.55,Good,26.7,19.7,46.4,0.43,0.49,0.19,0.13,0.08,0.39,1,15,6
2,2018-12-23,0.01,0.6,0.6,1,-,-,0.2,0.2,0.3,0.5,0.75,0.25,0.25,0,0.5,1,16,6
2,2018-12-23,0.07,5,4.3,0.86,0.4,Average,1.5,1.4,2.8,0.49,0.61,0.28,0.15,0.03,0.4,1,17,6
1,2018-12-23,1,82.9,82.2,0.99,0.95,Excellent,33.3,29.7,63,0.47,0.56,0.15,0.12,0.09,0.43,10,1,7
2,2018-12-23,1,87.1,85,0.98,0.07,Poor,34,30.4,64.4,0.47,0.54,0.16,0.11,0.07,0.44,1,1,7
1,2018-12-23,0.18,15,18.1,1.21,0.97,Excellent,5.5,6.6,12.1,0.55,0.66,0.11,0.1,0.09,0.51,10,9,7
1,2018-12-23,0.18,15,18.1,1.21,0.97,Excellent,5.5,6.6,12.1,0.55,0.66,0.11,0.1,0.09,0.51,2,9,7
2,2018-12-23,0.21,18.3,18.9,1.03,0.31,Average,7.1,7.1,14.2,0.5,0.56,0.13,0.12,0.07,0.48,2,9,7
2,2018-12-23,0.21,18.3,18.9,1.03,0.31,Average,7.1,7.1,14.2,0.5,0.56,0.13,0.12,0.07,0.48,1,9,7
1,2018-12-23,0.82,67.9,64.1,0.94,0.89,Excellent,27.8,23.1,50.9,0.45,0.54,0.16,0.12,0.09,0.42,10,10,7
2,2018-12-23,0.79,68.8,66.1,0.96,0.07,Poor,26.9,23.3,50.2,0.46,0.54,0.17,0.11,0.07,0.44,1,10,7
1,2018-12-23,0.05,4.2,4.3,1.02,0.92,Excellent,2.1,1.6,3.7,0.43,0.54,0.1,0.05,0.05,0.41,10,11,7
2,2018-12-23,0.02,2.1,2.5,1.19,0.02,Poor,0.7,1,1.7,0.59,0.68,0.14,0.05,0.05,0.52,1,11,7
1,2018-12-23,0.08,5.1,4.3,0.84,0.55,Good,2.3,1.5,3.8,0.4,0.47,0.16,0.12,0.12,0.37,10,12,7
2,2018-12-23,0.11,7.3,10.1,1.38,0,Poor,2.3,3.7,6,0.62,0.73,0.08,0.1,0.08,0.6,1,12,7
1,2018-12-23,0.03,2.1,2.8,1.33,0.99,Excellent,0.8,1,1.8,0.56,0.75,0.14,0.05,0.05,0.48,10,13,7
2,2018-12-23,0.03,1.7,1.1,0.65,0.79,Very Good,1.1,0.3,1.4,0.21,0.32,0.12,0.06,0,0.24,1,13,7
1,2018-12-23,0.14,9.7,8.6,0.89,0.63,Good,4.5,2.9,7.4,0.39,0.47,0.12,0.13,0.12,0.4,10,14,7
2,2018-12-23,0.12,8.5,7.3,0.86,0.45,Average,4.1,2.6,6.7,0.39,0.43,0.11,0.12,0.05,0.41,1,14,7
1,2018-12-23,0.95,64.8,60.6,0.94,0.87,Excellent,26.6,21.8,48.4,0.45,0.53,0.15,0.12,0.1,0.42,10,44,7
1,2018-12-23,0.05,3.1,3.5,1.13,0.88,Excellent,1.2,1.3,2.5,0.52,0.68,0.19,0.03,0.03,0.42,10,45,7
1,2018-12-23,0.03,2.3,1.6,0.7,0.25,Below Average,0.8,0.6,1.4,0.43,0.54,0.35,0.09,0.04,0.26,10,46,7
1,2018-12-23,0.31,25.5,27.6,1.08,0.94,Excellent,12.4,9.3,21.7,0.43,0.58,0.08,0.08,0.06,0.42,2,2,7
2,2018-12-23,0.25,21.5,20.9,0.97,0.25,Below Average,11.9,7.6,19.5,0.39,0.52,0.07,0.03,0.03,0.38,2,2,7
1,2018-12-23,0.06,4.8,6.5,1.35,0.97,Excellent,1.1,2.7,3.8,0.71,0.71,0.04,0.21,0.21,0.73,2,18,7
2,2018-12-23,0.07,6.1,7.7,1.26,0.15,Below Average,1.4,3,4.4,0.68,0.68,0.12,0.18,0.18,0.64,2,18,7
1,2018-12-23,0.06,5,4.2,0.84,0.45,Average,2.6,1.6,4.2,0.38,0.5,0.14,0.02,0.02,0.32,2,6,7
2,2018-12-23,0.08,6.5,7.6,1.17,0.08,Poor,2.8,2.8,5.6,0.5,0.61,0.09,0.06,0.05,0.48,2,6,7
1,2018-12-23,0.04,3.3,2.7,0.82,0.52,Good,1.2,1.1,2.3,0.48,0.48,0.21,0.15,0.15,0.39,2,4,7
2,2018-12-23,0.09,7.7,5.4,0.7,0.85,Excellent,3,2.1,5.1,0.41,0.41,0.26,0.08,0.05,0.35,2,4,7
1,2018-12-23,0.09,7.2,6.4,0.89,0.83,Excellent,3.3,2.4,5.7,0.42,0.47,0.13,0.11,0.11,0.4,2,3,7
2,2018-12-23,0.09,8.2,7.8,0.95,0.11,Poor,3,3.1,6.1,0.51,0.56,0.18,0.09,0.07,0.45,2,3,7
1,2018-12-23,0.05,3.8,5.3,1.4,0.98,Excellent,1.1,2,3.1,0.65,0.65,0.03,0.24,0.24,0.68,2,19,7
2,2018-12-23,0.07,6.4,6.7,1.05,0.5,Average,2,2.6,4.6,0.57,0.57,0.14,0.16,0.14,0.53,2,19,7
1,2018-12-23,0.1,8.6,6.6,0.77,0.5,Average,3.9,2.6,6.5,0.4,0.41,0.12,0.15,0.14,0.38,2,5,7
2,2018-12-23,0.03,3,2.5,0.83,0.35,Average,1.1,0.7,1.8,0.39,0.42,0.13,0.27,0.17,0.47,2,5,7
1,2018-12-23,0.02,1.3,1.1,0.85,0.35,Average,0.7,0.4,1.1,0.36,0.5,0.15,0,0,0.31,2,8,7
2,2018-12-23,0.02,1.4,1.9,1.36,0.07,Poor,0.5,0.9,1.4,0.64,0.68,0,0,0,0.64,2,8,7
1,2018-12-23,0.01,1,0.7,0.7,0.34,Average,0.6,0.3,0.9,0.33,0.39,0.1,0,0,0.3,2,7,7
2,2018-12-23,0.02,1.3,1.4,1.08,0.1,Poor,0.7,0.5,1.2,0.42,0.54,0.08,0.08,0.08,0.39,2,7,7
1,2018-12-23,0.09,7.4,3,0.41,0.36,Average,0.9,0.7,1.6,0.44,0.47,0.62,0.19,0.05,0.22,2,20,7
2,2018-12-23,0.08,6.7,4.2,0.63,0.1,Poor,0.5,0,0.5,0,0,0.55,0.37,0,0.34,2,20,7
1,2018-12-23,0.15,12.6,10.5,0.83,0.57,Good,5.8,3.8,9.6,0.4,0.44,0.1,0.16,0.14,0.4,3,21,7
2,2018-12-23,0.05,4.5,4,0.89,0.33,Average,1.5,1.3,2.8,0.46,0.54,0.18,0.2,0.13,0.44,3,21,7
1,2018-12-23,0.17,13.7,13.3,0.97,0.87,Excellent,6.3,4.9,11.2,0.44,0.53,0.12,0.08,0.07,0.41,3,22,7
2,2018-12-23,0.15,13,13.2,1.02,0.06,Poor,5.3,5.4,10.7,0.51,0.57,0.12,0.06,0.05,0.47,3,22,7
1,2018-12-23,0.05,4.3,4.3,1,0.83,Excellent,1.5,1.7,3.2,0.53,0.56,0.16,0.14,0.14,0.47,3,23,7
2,2018-12-23,0.12,10.6,8.9,0.84,0.63,Good,4.4,3.4,7.8,0.44,0.48,0.2,0.07,0.05,0.39,3,23,7
1,2018-12-23,0.05,4,3.9,0.98,0.53,Good,1.9,1.2,3.1,0.39,0.52,0.08,0.18,0.15,0.43,4,24,7
2,2018-12-23,0.02,1.5,1.5,1,0.39,Average,0.4,0.6,1,0.6,0.75,0.27,0.07,0.07,0.4,4,24,7
1,2018-12-23,0.09,7.3,6.9,0.95,0.85,Excellent,3,2.5,5.5,0.46,0.6,0.21,0.04,0.01,0.37,4,25,7
2,2018-12-23,0.07,5.9,5.4,0.92,0.24,Below Average,2.3,2.3,4.6,0.5,0.58,0.2,0.02,0.02,0.41,4,25,7
1,2018-12-23,0.01,1,1.6,1.6,0.97,Excellent,0.3,0.6,0.9,0.67,0.78,0,0.1,0.1,0.7,4,26,7
2,2018-12-23,0.03,2.9,3.5,1.21,0.3,Below Average,1.4,1.3,2.7,0.48,0.61,0.03,0.03,0.03,0.48,4,26,7
1,2018-12-23,-,-,-,-,-,-,-,-,-,-,-,-,-,-,-,5,27,7
2,2018-12-23,0,0.1,0.2,2,-,-,0,0.1,0.1,1,1,0,0,0,1,5,27,7
1,2018-12-23,0,0.3,0.2,0.67,-,-,0.1,0.1,0.2,0.5,0.5,0.33,0,0,0.33,5,28,7
2,2018-12-23,0.03,2.2,2,0.91,0.4,Average,0.6,0.7,1.3,0.54,0.62,0.32,0.09,0.09,0.41,5,28,7
1,2018-12-23,0.55,28,29.4,1.05,0.86,Excellent,17.6,10.4,28,0.37,0.52,0,0,0,0.37,6,29,7
2,2018-12-23,0.6,30.2,31.8,1.05,0.11,Poor,17.9,12.3,30.2,0.41,0.53,0,0,0,0.41,6,29,7
1,2018-12-23,0.05,2.4,2.8,1.17,0.95,Excellent,1.4,1,2.4,0.42,0.58,0,0,0,0.42,6,30,7
2,2018-12-23,0.02,1.1,1.5,1.36,0.02,Poor,0.5,0.6,1.1,0.55,0.68,0,0,0,0.55,6,30,7
1,2018-12-23,0.04,2.1,1.8,0.86,0.78,Very Good,1.2,0.9,2.1,0.43,0.43,0,0,0,0.43,6,31,7
2,2018-12-23,0.03,1.6,1.7,1.06,0.05,Poor,0.8,0.8,1.6,0.5,0.5,0,0.06,0.06,0.5,6,31,7
1,2018-12-23,0,0.2,0.2,1,-,-,0.1,0.1,0.2,0.5,0.5,0,0,0,0.5,6,32,7
2,2018-12-23,-,-,-,-,-,-,-,-,-,-,-,-,-,-,-,6,32,7
1,2018-12-23,0.36,18.5,22.3,1.21,0.81,Very Good,7.8,10.7,18.5,0.58,0.58,0,0.07,0.07,0.58,6,33,7
2,2018-12-23,0.27,13.3,16.6,1.25,0.14,Poor,5.2,8.1,13.3,0.61,0.61,0,0.04,0.04,0.61,6,33,7
1,2018-12-23,0.05,2.3,2.4,1.04,0.69,Very Good,1.2,1.1,2.3,0.48,0.48,0,0.09,0.09,0.48,6,34,7
2,2018-12-23,0.1,5.1,4.2,0.82,0.81,Very Good,3,2.1,5.1,0.41,0.41,0,0,0,0.41,6,34,7
1,2018-12-23,0,0.1,0,0,-,-,0.1,0,0.1,0,0,0,0,0,0,6,35,7
2,2018-12-23,0.01,0.3,0.4,1.33,-,-,0.1,0.2,0.3,0.67,0.67,0,0,0,0.67,6,35,7
1,2018-12-23,-,-,-,-,-,-,-,-,-,-,-,-,-,-,-,6,36,7
2,2018-12-23,-,-,-,-,-,-,-,-,-,-,-,-,-,-,-,6,36,7
1,2018-12-23,0.4,20.4,23.8,1.17,0.87,Excellent,12.4,8,20.4,0.39,0.58,0,0.01,0.01,0.39,7,37,7
2,2018-12-23,0.37,18.5,19.9,1.08,0.33,Average,11.7,6.8,18.5,0.37,0.54,0,0,0,0.37,7,37,7
1,2018-12-23,0.64,13,13.7,1.05,0.75,Very Good,8.4,4.6,13,0.35,0.52,0,0.01,0.01,0.35,7,38,7
2,2018-12-23,0.49,9,8.5,0.94,0.52,Good,6.1,2.9,9,0.32,0.47,0,0,0,0.32,7,38,7
1,2018-12-23,0.36,7.4,10.1,1.37,0.92,Excellent,4,3.4,7.4,0.46,0.68,0,0,0,0.46,7,39,7
2,2018-12-23,0.51,9.5,11.4,1.2,0.27,Below Average,5.6,3.9,9.5,0.41,0.6,0,0,0,0.41,7,39,7
1,2018-12-23,0.11,5.6,4.3,0.77,0.5,Average,3.8,1.8,5.6,0.32,0.38,0,0,0,0.32,8,40,7
2,2018-12-23,0.19,9.6,9.6,1,0.06,Poor,5.1,4.5,9.6,0.47,0.5,0,0,0,0.47,8,40,7
1,2018-12-23,0.1,2.9,2.2,0.76,0.56,Good,1.8,1.1,2.9,0.38,0.38,0,0,0,0.38,9,41,7
2,2018-12-23,0.2,6,6.4,1.07,0.03,Poor,2.8,3.2,6,0.53,0.53,0,0,0,0.53,9,41,7
1,2018-12-23,0.1,2.9,1.6,0.55,0.26,Below Average,2.1,0.8,2.9,0.28,0.28,0,0,0,0.28,9,42,7
2,2018-12-23,0.14,4.2,3.8,0.91,0.14,Poor,2.3,1.9,4.2,0.45,0.45,0,0,0,0.45,9,42,7
1,2018-12-23,0.79,22.2,25.6,1.15,0.88,Excellent,13.7,8.5,22.2,0.38,0.57,0,0.01,0.01,0.38,9,43,7
2,2018-12-23,0.66,20,21.6,1.08,0.27,Below Average,12.8,7.2,20,0.36,0.54,0,0,0,0.36,9,43,7
2,2018-12-23,0.95,65,62.7,0.97,0.05,Poor,25.1,22,47.1,0.47,0.54,0.17,0.12,0.07,0.44,1,15,7
2,2018-12-23,0.06,3.8,3.4,0.9,0.51,Good,1.8,1.3,3.1,0.42,0.48,0.13,0.05,0.05,0.4,1,16,7
2,2018-12-23,0.12,8.4,8.5,1.01,0.14,Poor,2.3,2.5,4.8,0.52,0.62,0.25,0.2,0.07,0.48,1,17,7
1,2018-12-23,1,77.3,69.9,0.91,0.67,Very Good,30.5,24.2,54.6,0.44,0.51,0.17,0.15,0.09,0.42,10,1,8
2,2018-12-23,1,78.7,76.1,0.97,0.1,Poor,33.1,28,61.1,0.46,0.52,0.13,0.12,0.09,0.44,1,1,8
1,2018-12-23,0.08,5.8,6.3,1.08,0.81,Very Good,1.5,1.8,3.4,0.54,0.65,0.23,0.25,0.19,0.5,10,9,8
1,2018-12-23,0.08,5.8,6.3,1.08,0.81,Very Good,1.5,1.8,3.4,0.54,0.65,0.23,0.25,0.19,0.5,2,9,8
2,2018-12-23,0.16,12.9,15.7,1.22,0.02,Poor,4.2,5.5,9.7,0.57,0.65,0.11,0.16,0.15,0.56,2,9,8
2,2018-12-23,0.16,12.9,15.7,1.22,0.02,Poor,4.2,5.5,9.7,0.57,0.65,0.11,0.16,0.15,0.56,1,9,8
1,2018-12-23,0.93,71.5,63.6,0.89,0.73,Very Good,28.9,22.4,51.3,0.44,0.5,0.16,0.14,0.08,0.41,10,10,8
2,2018-12-23,0.84,65.8,60.4,0.92,0.18,Below Average,28.9,22.5,51.4,0.44,0.49,0.13,0.11,0.08,0.42,1,10,8
1,2018-12-23,0.04,3.4,3.1,0.92,0.87,Excellent,1.4,0.9,2.3,0.4,0.52,0.22,0.11,0.11,0.38,10,11,8
2,2018-12-23,0.03,2.6,1.6,0.62,0.63,Good,1.3,0.6,1.9,0.33,0.43,0.28,0,0,0.24,1,11,8
1,2018-12-23,0.07,5.2,4.7,0.91,0.69,Very Good,2.3,1.9,4.2,0.46,0.52,0.12,0.11,0.07,0.4,10,12,8
2,2018-12-23,0.08,5.4,7.4,1.37,0,Poor,1.7,2.6,4.4,0.6,0.7,0.05,0.17,0.12,0.63,1,12,8
1,2018-12-23,0.03,2.4,2,0.85,0.58,Good,1.1,0.6,1.7,0.37,0.45,0.15,0.12,0.12,0.39,10,13,8
2,2018-12-23,0.04,2.8,1.9,0.68,0.7,Very Good,1.5,0.8,2.3,0.36,0.38,0.13,0.07,0.03,0.32,1,13,8
1,2018-12-23,0.11,7.8,6.5,0.84,0.51,Good,3.8,2.7,6.5,0.42,0.47,0.13,0.05,0.04,0.38,10,14,8
2,2018-12-23,0.13,8.5,8.4,0.99,0.15,Below Average,3.9,3.5,7.4,0.47,0.53,0.1,0.05,0.04,0.44,1,14,8
1,2018-12-23,0.98,70.2,61.1,0.87,0.64,Good,28.6,21.5,50.1,0.43,0.49,0.17,0.14,0.08,0.41,10,44,8
1,2018-12-23,0.02,1.3,2.5,2,1,Excellent,0.3,0.9,1.2,0.77,1.04,0,0.14,0.07,0.79,10,45,8
1,2018-12-23,0.03,2.3,2.5,1.08,0.92,Excellent,0.5,0.4,0.9,0.4,0.55,0.12,0.48,0.04,0.56,10,46,8
1,2018-12-23,0.32,24.5,22.8,0.93,0.63,Good,12.7,8.2,20.9,0.39,0.51,0.09,0.06,0.04,0.37,2,2,8
2,2018-12-23,0.22,16.9,18.5,1.1,0.05,Poor,8.4,6.6,15,0.44,0.57,0.07,0.05,0.03,0.43,2,2,8
1,2018-12-23,0.1,7.5,8,1.07,0.46,Average,2.8,3.5,6.3,0.55,0.55,0.09,0.12,0.12,0.52,2,18,8
2,2018-12-23,0.06,4.6,6.3,1.35,0.06,Poor,1.1,2.6,3.7,0.71,0.71,0.08,0.22,0.2,0.69,2,18,8
1,2018-12-23,0.04,3.1,2.3,0.74,0.29,Below Average,1.5,0.8,2.4,0.35,0.39,0.12,0.15,0.09,0.35,2,6,8
2,2018-12-23,0.07,5.4,5.3,0.98,0.31,Average,2.7,1.8,4.5,0.4,0.49,0.07,0.15,0.1,0.39,2,6,8
1,2018-12-23,0.09,6.9,4.4,0.63,0.15,Below Average,3.4,1.8,5.2,0.35,0.35,0.17,0.08,0.05,0.33,2,4,8
2,2018-12-23,0.13,9.9,8.5,0.86,0.46,Average,4,3.5,7.5,0.47,0.47,0.13,0.11,0.07,0.45,2,4,8
1,2018-12-23,0.13,9.9,7.8,0.79,0.62,Good,3.3,2.5,5.8,0.44,0.48,0.25,0.18,0.12,0.41,2,3,8
2,2018-12-23,0.14,11.1,7.3,0.66,0.74,Very Good,5.7,2.7,8.5,0.32,0.34,0.17,0.08,0.05,0.31,2,3,8
1,2018-12-23,0.03,2.5,2.8,1.15,0.76,Very Good,0.6,1.2,1.8,0.65,0.65,0.11,0.15,0.11,0.59,2,19,8
2,2018-12-23,0.04,3.4,3.8,1.14,0.29,Below Average,1.1,1.7,2.8,0.61,0.61,0.11,0.11,0.08,0.57,2,19,8
1,2018-12-23,0.06,4.6,4.3,0.92,0.84,Excellent,1.7,1.4,3.1,0.44,0.5,0.18,0.22,0.14,0.45,2,5,8
2,2018-12-23,0.07,5.2,4.8,0.93,0.18,Below Average,2.7,1.7,4.5,0.39,0.45,0.05,0.09,0.07,0.42,2,5,8
1,2018-12-23,0.05,3.9,4.4,1.12,0.74,Very Good,1.7,1.9,3.6,0.53,0.59,0.05,0.09,0.09,0.49,2,8,8
2,2018-12-23,0.04,2.9,2.5,0.84,0.68,Very Good,1.3,0.9,2.2,0.42,0.42,0.09,0.19,0.16,0.47,2,8,8
1,2018-12-23,0.02,1.8,2,1.1,0.91,Excellent,0.6,0.6,1.3,0.5,0.61,0.15,0.15,0.15,0.5,2,7,8
2,2018-12-23,0.04,2.7,1.5,0.53,0.89,Excellent,1.6,0.5,2.2,0.25,0.29,0.13,0.07,0.07,0.23,2,7,8
1,2018-12-23,0.09,6.8,4.9,0.72,0.96,Excellent,0.5,0.5,0.9,0.5,0.5,0.48,0.39,0.03,0.4,2,20,8
2,2018-12-23,0.05,3.7,1.9,0.51,0.34,Average,0.3,0.2,0.5,0.4,0.4,0.63,0.27,0.1,0.27,2,20,8
1,2018-12-23,0.09,7.2,6.3,0.87,0.67,Very Good,3.4,2.2,5.5,0.39,0.44,0.11,0.15,0.1,0.42,3,21,8
2,2018-12-23,0.08,5.9,5.3,0.89,0.32,Average,3,1.9,4.9,0.39,0.45,0.09,0.08,0.06,0.4,3,21,8
1,2018-12-23,0.3,23.4,21.6,0.93,0.8,Very Good,9.7,7.7,17.5,0.44,0.52,0.16,0.13,0.1,0.42,3,22,8
2,2018-12-23,0.25,19.3,17.1,0.89,0.35,Average,9,6.4,15.4,0.41,0.47,0.12,0.1,0.08,0.41,3,22,8
1,2018-12-23,0.13,9.9,7.7,0.78,0.29,Below Average,4.6,3.1,7.7,0.4,0.45,0.15,0.08,0.05,0.36,3,23,8
2,2018-12-23,0.15,12,11.6,0.97,0.25,Below Average,4.8,4.6,9.5,0.49,0.52,0.11,0.11,0.07,0.47,3,23,8
1,2018-12-23,0.03,2.5,2,0.79,0.27,Below Average,1.6,0.8,2.5,0.33,0.37,0,0.04,0.04,0.36,4,24,8
2,2018-12-23,0.01,0.7,0.5,0.63,-,-,0.3,0.2,0.5,0.4,0.5,0.38,0,0,0.25,4,24,8
1,2018-12-23,0.21,15.9,14.2,0.89,0.76,Very Good,6.5,5.2,11.6,0.45,0.55,0.21,0.09,0.07,0.38,4,25,8
2,2018-12-23,0.13,9.9,10,1.01,0.09,Poor,3.3,3.6,6.9,0.53,0.64,0.21,0.12,0.09,0.45,4,25,8
1,2018-12-23,0.04,3,3.4,1.12,0.62,Good,1.3,1.3,2.5,0.5,0.64,0.09,0.09,0.03,0.42,4,26,8
2,2018-12-23,0.03,2.1,3.1,1.48,0.09,Poor,0.8,1.1,1.9,0.57,0.74,0.04,0.09,0.04,0.57,4,26,8
1,2018-12-23,0.01,0.6,0.5,0.71,-,-,0.3,0.2,0.5,0.4,0.5,0.29,0,0,0.29,5,27,8
2,2018-12-23,0.01,0.4,0.1,0.25,-,-,0.1,0,0.1,0,0,0.5,0.25,0,0.25,5,27,8
1,2018-12-23,0.03,1.9,2.1,1.1,0.83,Excellent,0.8,0.8,1.6,0.5,0.64,0.05,0.1,0,0.43,5,28,8
2,2018-12-23,0.01,0.6,1.1,1.71,-,-,0.1,0.3,0.4,0.75,1.13,0.14,0.29,0.14,0.71,5,28,8
1,2018-12-23,0.53,26.9,26.5,0.99,0.71,Very Good,16.9,10,26.9,0.37,0.49,0,0,0,0.37,6,29,8
2,2018-12-23,0.48,24.8,21.4,0.86,0.77,Very Good,17.1,7.7,24.8,0.31,0.43,0,0.01,0.01,0.31,6,29,8
1,2018-12-23,0.03,1.7,1.6,0.95,0.83,Excellent,1.2,0.5,1.7,0.32,0.47,0,0,0,0.32,6,30,8
2,2018-12-23,0.02,1,1.1,1.09,0.07,Poor,0.6,0.4,1,0.36,0.55,0,0,0,0.36,6,30,8
1,2018-12-23,0.03,1.4,1.3,0.93,0.85,Excellent,0.8,0.5,1.4,0.4,0.4,0,0.13,0.13,0.4,6,31,8
2,2018-12-23,0.06,2.9,2.5,0.88,0.19,Below Average,1.6,1.3,2.9,0.44,0.44,0,0.03,0.03,0.44,6,31,8
1,2018-12-23,-,-,-,-,-,-,-,-,-,-,-,-,-,-,-,6,32,8
2,2018-12-23,0,0.1,0,0,-,-,0.1,0,0.1,0,0,0,0,0,0,6,32,8
1,2018-12-23,0.35,17.8,20.7,1.16,0.72,Very Good,7.8,10,17.8,0.56,0.56,0,0.06,0.06,0.56,6,33,8
2,2018-12-23,0.31,16.1,20.8,1.29,0.08,Poor,6.2,9.9,16.1,0.62,0.62,0,0.08,0.08,0.62,6,33,8
1,2018-12-23,0.1,5.2,3.6,0.7,0.12,Poor,3.4,1.8,5.2,0.35,0.35,0,0,0,0.35,6,34,8
2,2018-12-23,0.15,7.5,7.1,0.94,0.58,Good,4,3.5,7.5,0.47,0.47,0,0,0,0.47,6,34,8
1,2018-12-23,-,-,-,-,-,-,-,-,-,-,-,-,-,-,-,6,35,8
2,2018-12-23,0.01,0.3,0.4,1.33,-,-,0.1,0.2,0.3,0.67,0.67,0,0,0,0.67,6,35,8
1,2018-12-23,-,-,-,-,-,-,-,-,-,-,-,-,-,-,-,6,36,8
2,2018-12-23,-,-,-,-,-,-,-,-,-,-,-,-,-,-,-,6,36,8
1,2018-12-23,0.4,20.6,21.2,1.03,0.59,Good,12.7,7.9,20.6,0.38,0.51,0,0,0,0.38,7,37,8
2,2018-12-23,0.26,13.3,14.5,1.1,0.27,Below Average,8.4,4.9,13.3,0.37,0.55,0,0.01,0.01,0.37,7,37,8
1,2018-12-23,0.43,8.8,7.9,0.9,0.4,Average,5.6,3.2,8.8,0.36,0.45,0,0,0,0.36,7,38,8
2,2018-12-23,0.65,8.6,9.1,1.05,0.27,Below Average,5.5,3.1,8.6,0.36,0.52,0,0.01,0.01,0.36,7,38,8
1,2018-12-23,0.57,11.8,13.3,1.12,0.58,Good,7.1,4.7,11.8,0.4,0.56,0,0,0,0.4,7,39,8
2,2018-12-23,0.35,4.6,5.5,1.18,0.32,Average,2.8,1.8,4.6,0.39,0.59,0,0,0,0.39,7,39,8
1,2018-12-23,0.09,4.4,4.1,0.94,0.84,Excellent,2.7,1.6,4.4,0.38,0.47,0,0,0,0.38,8,40,8
2,2018-12-23,0.18,9,4.8,0.54,0.97,Excellent,6.9,2.1,9,0.23,0.26,0,0.01,0.01,0.23,8,40,8
1,2018-12-23,0.1,2.6,2.2,0.83,0.68,Very Good,1.5,1.1,2.6,0.41,0.41,0,0,0,0.41,9,41,8
2,2018-12-23,0.18,4.5,3,0.67,0.67,Very Good,3,1.5,4.5,0.33,0.33,0,0.02,0.02,0.33,9,41,8
1,2018-12-23,0.19,5.1,4.7,0.93,0.86,Excellent,2.7,2.4,5.1,0.46,0.46,0,0,0,0.46,9,42,8
2,2018-12-23,0.11,2.8,1.1,0.39,0.95,Excellent,2.3,0.5,2.8,0.19,0.19,0,0,0,0.19,9,42,8
1,2018-12-23,0.71,19.2,19.6,1.02,0.59,Good,12.6,6.5,19.2,0.34,0.51,0,0,0,0.34,9,43,8
2,2018-12-23,0.71,17.5,17.3,0.98,0.57,Good,11.8,5.7,17.5,0.33,0.49,0,0.01,0.01,0.33,9,43,8
2,2018-12-23,1,65.8,60.4,0.92,0.18,Below Average,28.9,22.5,51.4,0.44,0.49,0.13,0.11,0.08,0.42,1,15,8
2,2018-12-23,-,-,-,-,-,-,-,-,-,-,-,-,-,-,-,1,16,8
2,2018-12-23,0.01,0.6,0.3,0.43,-,-,0.3,0,0.3,0,0,0.29,0.29,0,0.29,1,17,8
1,2018-12-23,1,86.5,70.9,0.82,0.29,Below Average,37.4,26,63.4,0.41,0.49,0.19,0.09,0.06,0.36,10,1,9
2,2018-12-23,1,90.3,84.2,0.93,0.21,Below Average,35,30.9,65.9,0.47,0.53,0.17,0.14,0.1,0.43,1,1,9
1,2018-12-23,0.26,22.3,21.8,0.98,0.54,Good,8.2,8.4,16.5,0.51,0.58,0.16,0.11,0.08,0.45,10,9,9
1,2018-12-23,0.26,22.3,21.8,0.98,0.54,Good,8.2,8.4,16.5,0.51,0.58,0.16,0.11,0.08,0.45,2,9,9
2,2018-12-23,0.2,18.1,17.7,0.98,0.51,Good,7.5,6.5,13.9,0.46,0.53,0.14,0.14,0.13,0.44,2,9,9
2,2018-12-23,0.2,18.1,17.7,0.98,0.51,Good,7.5,6.5,13.9,0.46,0.53,0.14,0.14,0.13,0.44,1,9,9
1,2018-12-23,0.74,64.2,49.1,0.77,0.17,Below Average,29.2,17.6,46.8,0.38,0.46,0.19,0.09,0.05,0.33,10,10,9
2,2018-12-23,0.8,72.2,66.5,0.92,0.16,Below Average,27.5,24.5,52,0.47,0.53,0.17,0.13,0.1,0.43,1,10,9
1,2018-12-23,0.05,3.9,2.1,0.54,0.18,Below Average,2.5,0.7,3.2,0.23,0.29,0.12,0.07,0,0.23,10,11,9
2,2018-12-23,0.03,2.6,2,0.76,0.41,Average,1.5,0.7,2.2,0.33,0.35,0.07,0.14,0.14,0.38,1,11,9
1,2018-12-23,0.07,4.7,2.6,0.56,0.06,Poor,2.6,0.9,3.5,0.26,0.35,0.23,0.02,0.02,0.21,10,12,9
2,2018-12-23,0.09,6.5,6.1,0.93,0.27,Below Average,2.8,2.4,5.2,0.46,0.52,0.14,0.1,0.1,0.43,1,12,9
1,2018-12-23,0.05,3.1,2.1,0.68,0.31,Average,1.4,0.8,2.2,0.38,0.46,0.24,0.09,0.06,0.29,10,13,9
2,2018-12-23,0.05,3.6,3.9,1.08,0.1,Poor,1.4,1.3,2.6,0.48,0.55,0.13,0.15,0.13,0.5,1,13,9
1,2018-12-23,0.13,8.2,4.5,0.54,0.02,Poor,4.7,1.9,6.6,0.29,0.33,0.17,0.03,0.02,0.24,10,14,9
2,2018-12-23,0.11,7.8,8.3,1.06,0.07,Poor,2.2,2.8,5,0.56,0.64,0.2,0.17,0.15,0.52,1,14,9
1,2018-12-23,0.93,59.6,44.8,0.75,0.15,Below Average,27.2,16,43.2,0.37,0.45,0.2,0.09,0.05,0.33,10,44,9
1,2018-12-23,0.07,4.5,4.3,0.94,0.61,Good,2,1.6,3.6,0.45,0.56,0.18,0.04,0.02,0.38,10,45,9
1,2018-12-23,0.11,7,5.9,0.84,0.59,Good,2.1,2.2,4.3,0.51,0.65,0.33,0.08,0.01,0.34,10,46,9
1,2018-12-23,0.26,22.5,20.7,0.92,0.6,Good,13.2,7.5,20.6,0.36,0.49,0.07,0.02,0.02,0.34,2,2,9
2,2018-12-23,0.19,16.7,16,0.96,0.29,Below Average,8.2,5.6,13.8,0.41,0.52,0.09,0.09,0.08,0.4,2,2,9
1,2018-12-23,0.05,4.3,4.3,1,0.31,Average,1.6,1.9,3.5,0.54,0.54,0.11,0.06,0.06,0.51,2,18,9
2,2018-12-23,0.09,7.7,8.9,1.15,0.35,Average,2.2,3.5,5.6,0.61,0.61,0.11,0.19,0.18,0.61,2,18,9
1,2018-12-23,0.05,4.4,4.1,0.94,0.6,Good,2.5,1.4,3.9,0.35,0.5,0.08,0.04,0.04,0.33,2,6,9
2,2018-12-23,0.06,5.2,4.4,0.84,0.59,Good,2.7,1.4,4.1,0.33,0.43,0.11,0.12,0.12,0.37,2,6,9
1,2018-12-23,0.06,5.4,3.3,0.61,0.12,Poor,2.9,1.5,4.4,0.33,0.33,0.1,0.09,0.05,0.32,2,4,9
2,2018-12-23,0.08,7.5,6.6,0.88,0.4,Average,2.4,2.6,5,0.53,0.53,0.23,0.16,0.11,0.42,2,4,9
1,2018-12-23,0.09,8.1,5.2,0.64,0.25,Below Average,3.1,1.8,4.9,0.37,0.42,0.27,0.12,0.07,0.3,2,3,9
2,2018-12-23,0.12,10.8,11.2,1.03,0.03,Poor,4.3,4.6,8.9,0.52,0.58,0.14,0.08,0.08,0.45,2,3,9
1,2018-12-23,0.05,4.1,4.5,1.09,0.63,Good,1.5,1.7,3.3,0.53,0.53,0.09,0.16,0.16,0.53,2,19,9
2,2018-12-23,0.07,6.5,6.1,0.93,0.79,Very Good,2.5,2.5,4.9,0.5,0.5,0.11,0.21,0.15,0.5,2,19,9
1,2018-12-23,0.03,2.2,0.9,0.42,0.03,Poor,1.4,0.4,1.7,0.21,0.21,0.13,0.08,0.04,0.21,2,5,9
2,2018-12-23,0.06,5.8,4.5,0.78,0.48,Average,2.5,1.7,4.3,0.4,0.42,0.13,0.16,0.09,0.41,2,5,9
1,2018-12-23,0.03,2.5,2.4,0.96,0.5,Average,1.1,0.8,1.9,0.43,0.48,0.07,0.19,0.19,0.44,2,8,9
2,2018-12-23,0.02,2,2.5,1.27,0.12,Poor,0.5,1,1.5,0.65,0.77,0.18,0.05,0.05,0.55,2,8,9
1,2018-12-23,0.02,1.9,1.6,0.86,0.64,Good,1.1,0.6,1.7,0.37,0.45,0.1,0.05,0.05,0.33,2,7,9
2,2018-12-23,0.03,2.5,2.5,1,0.17,Below Average,1.4,0.7,2.1,0.35,0.46,0.04,0.18,0.11,0.43,2,7,9
1,2018-12-23,0.1,8.9,2.2,0.25,0.07,Poor,0.7,0.1,0.8,0.11,0.11,0.7,0.2,0.01,0.14,2,20,9
2,2018-12-23,0.08,7.3,3.6,0.5,0.37,Average,0.9,0.8,1.7,0.47,0.47,0.6,0.16,0.01,0.25,2,20,9
1,2018-12-23,0.04,3.5,1.6,0.47,0.03,Poor,2.3,0.6,2.9,0.22,0.25,0.11,0.05,0.03,0.21,3,21,9
2,2018-12-23,0.08,7.3,5.5,0.75,0.67,Very Good,3.5,2.1,5.5,0.38,0.39,0.11,0.14,0.09,0.39,3,21,9
1,2018-12-23,0.19,16,13.3,0.83,0.52,Good,7.2,4.6,11.8,0.39,0.48,0.17,0.1,0.07,0.36,3,22,9
2,2018-12-23,0.18,16.2,17.6,1.09,0.02,Poor,6.2,7.2,13.4,0.54,0.61,0.14,0.07,0.06,0.47,3,22,9
1,2018-12-23,0.08,7.3,4.8,0.66,0.11,Poor,4.3,2,6.3,0.32,0.36,0.08,0.06,0.04,0.31,3,23,9
2,2018-12-23,0.11,9.7,10.1,1.04,0.16,Below Average,2.9,3.9,6.8,0.57,0.62,0.19,0.16,0.11,0.48,3,23,9
1,2018-12-23,0.02,1.3,0.7,0.57,0.1,Poor,0.9,0.3,1.2,0.23,0.31,0.07,0,0,0.21,4,24,9
2,2018-12-23,0.02,1.5,0.9,0.63,0.84,Excellent,0.9,0.4,1.3,0.29,0.32,0.06,0.06,0.06,0.31,4,24,9
1,2018-12-23,0.12,10,8.1,0.81,0.54,Good,4.1,2.8,6.9,0.41,0.53,0.24,0.08,0.06,0.33,4,25,9
2,2018-12-23,0.07,6.4,6.5,1.01,0.08,Poor,1.9,2.5,4.5,0.57,0.68,0.26,0.04,0.03,0.43,4,25,9
1,2018-12-23,0.02,1.9,1.5,0.81,0.23,Below Average,1.4,0.5,1.9,0.29,0.41,0,0,0,0.29,4,26,9
2,2018-12-23,0.02,2.2,3.5,1.58,0.05,Poor,0.5,1.3,1.8,0.7,0.88,0.04,0.17,0.13,0.67,4,26,9
1,2018-12-23,-,-,-,-,-,-,-,-,-,-,-,-,-,-,-,5,27,9
2,2018-12-23,0,0.2,0.2,1,-,-,0.1,0.1,0.2,0.5,0.5,0,0,0,0.5,5,27,9
1,2018-12-23,0.01,1.2,0.9,0.77,0.42,Average,0.6,0.4,1,0.36,0.46,0.15,0,0,0.31,5,28,9
2,2018-12-23,0.02,1.7,2.4,1.37,0.05,Poor,0.5,0.7,1.2,0.62,0.85,0.21,0.16,0.11,0.53,5,28,9
1,2018-12-23,0.59,27.7,26.2,0.94,0.57,Good,18.4,9.4,27.7,0.34,0.47,0,0,0,0.34,6,29,9
2,2018-12-23,0.47,24.4,25.5,1.05,0.12,Poor,14.5,9.8,24.4,0.4,0.52,0,0,0,0.4,6,29,9
1,2018-12-23,0.05,2.3,1.1,0.48,0.28,Below Average,1.9,0.4,2.3,0.16,0.24,0,0,0,0.16,6,30,9
2,2018-12-23,0.02,1,0.5,0.46,0.76,Very Good,0.8,0.2,1,0.18,0.23,0,0,0,0.18,6,30,9
1,2018-12-23,0.04,1.6,1.3,0.78,0.65,Very Good,1,0.6,1.6,0.39,0.39,0,0.06,0.06,0.39,6,31,9
2,2018-12-23,0.07,3.4,2.2,0.65,0.64,Good,2.3,1.1,3.4,0.32,0.32,0,0,0,0.32,6,31,9
1,2018-12-23,0,0.1,0.2,2,-,-,0,0.1,0.1,1,1,0,0,0,1,6,32,9
2,2018-12-23,0,0.2,0.2,1,-,-,0.1,0.1,0.2,0.5,0.5,0,0,0,0.5,6,32,9
1,2018-12-23,0.28,13.1,12.6,0.97,0.11,Poor,6.9,6.2,13.1,0.47,0.47,0.01,0.04,0.04,0.47,6,33,9
2,2018-12-23,0.37,19.3,22.5,1.17,0.34,Average,8.4,10.9,19.3,0.57,0.57,0,0.07,0.07,0.57,6,33,9
1,2018-12-23,0.09,4.4,2.9,0.67,0.09,Poor,2.9,1.5,4.4,0.33,0.33,0,0,0,0.33,6,34,9
2,2018-12-23,0.1,5,5.6,1.13,0.2,Below Average,2.4,2.6,5,0.53,0.53,0,0.07,0.07,0.53,6,34,9
1,2018-12-23,0,0.1,0,0,-,-,0.1,0,0.1,0,0,0,0,0,0,6,35,9
2,2018-12-23,0.01,0.3,0.5,1.67,-,-,0.1,0.2,0.3,0.67,0.67,0,0.33,0.33,0.67,6,35,9
1,2018-12-23,-,-,-,-,-,-,-,-,-,-,-,-,-,-,-,6,36,9
2,2018-12-23,-,-,-,-,-,-,-,-,-,-,-,-,-,-,-,6,36,9
1,2018-12-23,0.45,21.2,20.7,0.98,0.44,Average,14.2,7,21.2,0.33,0.49,0,0,0,0.33,7,37,9
2,2018-12-23,0.25,12.9,14.5,1.12,0.21,Below Average,7.9,5,12.9,0.39,0.56,0,0,0,0.39,7,37,9
1,2018-12-23,0.57,12.1,11,0.91,0.44,Average,8.4,3.7,12.1,0.31,0.46,0,0,0,0.31,7,38,9
2,2018-12-23,0.56,7.2,7.5,1.04,0.3,Below Average,4.5,2.6,7.2,0.37,0.52,0,0,0,0.37,7,38,9
1,2018-12-23,0.43,9.1,9.7,1.07,0.47,Average,5.8,3.3,9.1,0.36,0.54,0,0,0,0.36,7,39,9
2,2018-12-23,0.44,5.7,7,1.22,0.24,Below Average,3.4,2.4,5.7,0.41,0.61,0,0,0,0.41,7,39,9
1,2018-12-23,0.11,5.3,4.1,0.78,0.52,Good,3.5,1.8,5.3,0.35,0.39,0,0,0,0.35,8,40,9
2,2018-12-23,0.19,10,10.4,1.04,0.04,Poor,5.5,4.5,10,0.45,0.52,0,0,0,0.45,8,40,9
1,2018-12-23,0.09,2.5,1.6,0.64,0.29,Below Average,1.7,0.8,2.5,0.32,0.32,0,0,0,0.32,9,41,9
2,2018-12-23,0.25,6.1,5.1,0.84,0.28,Below Average,3.5,2.5,6.1,0.42,0.42,0,0.02,0.02,0.42,9,41,9
1,2018-12-23,0.08,2.3,2.2,0.96,0.89,Excellent,1.2,1.1,2.3,0.48,0.48,0,0,0,0.48,9,42,9
2,2018-12-23,0.15,3.5,2.7,0.77,0.35,Average,2.2,1.4,3.5,0.39,0.39,0,0,0,0.39,9,42,9
1,2018-12-23,0.83,22.9,22.4,0.98,0.44,Average,15.5,7.5,22.9,0.33,0.49,0,0,0,0.33,9,43,9
2,2018-12-23,0.6,14.7,17.7,1.2,0.05,Poor,8.8,5.9,14.7,0.4,0.6,0,0,0,0.4,9,43,9
2,2018-12-23,0.93,67.4,61.5,0.91,0.19,Below Average,25.9,22.5,48.5,0.47,0.52,0.17,0.14,0.1,0.43,1,15,9
2,2018-12-23,0.07,4.8,4.9,1.02,0.25,Below Average,1.6,1.9,3.5,0.54,0.63,0.21,0.08,0.06,0.43,1,16,9
2,2018-12-23,0.06,4.6,4,0.86,0.4,Average,1.2,1.2,2.4,0.5,0.6,0.33,0.16,0.06,0.39,1,17,9
1,2018-12-23,1,85.7,71.4,0.83,0.33,Average,38.3,27,65.3,0.41,0.47,0.16,0.1,0.07,0.38,10,1,10
2,2018-12-23,1,88.5,75.6,0.85,0.64,Good,34.9,27.7,62.6,0.44,0.48,0.18,0.14,0.09,0.41,1,1,10
1,2018-12-23,0.2,16.8,16.7,0.99,0.59,Good,7.2,6.9,14.1,0.49,0.54,0.13,0.06,0.06,0.45,10,9,10
1,2018-12-23,0.2,16.8,16.7,0.99,0.59,Good,7.2,6.9,14.1,0.49,0.54,0.13,0.06,0.06,0.45,2,9,10
2,2018-12-23,0.18,16,15.9,0.99,0.44,Average,5.7,6.3,12,0.53,0.57,0.17,0.12,0.1,0.46,2,9,10
2,2018-12-23,0.18,16,15.9,0.99,0.44,Average,5.7,6.3,12,0.53,0.57,0.17,0.12,0.1,0.46,1,9,10
1,2018-12-23,0.8,68.9,54.7,0.79,0.28,Below Average,31.1,20.1,51.2,0.39,0.45,0.17,0.11,0.07,0.37,10,10,10
2,2018-12-23,0.82,72.5,59.7,0.82,0.69,Very Good,29.2,21.4,50.6,0.42,0.46,0.18,0.14,0.09,0.4,1,10,10
1,2018-12-23,0.05,4.3,3.5,0.81,0.74,Very Good,2.1,1.1,3.2,0.34,0.44,0.14,0.12,0.05,0.35,10,11,10
2,2018-12-23,0.02,2.1,1.3,0.62,0.63,Good,1.3,0.4,1.7,0.24,0.29,0.1,0.1,0.1,0.29,1,11,10
1,2018-12-23,0.08,5.6,4.7,0.84,0.55,Good,2.2,1.7,3.9,0.44,0.49,0.21,0.14,0.13,0.38,10,12,10
2,2018-12-23,0.07,5,5.1,1.02,0.1,Poor,2.1,2.2,4.3,0.51,0.55,0.1,0.1,0.1,0.48,1,12,10
1,2018-12-23,0.05,3.4,3.3,0.97,0.8,Very Good,1.6,1.3,2.9,0.45,0.5,0.09,0.09,0.09,0.44,10,13,10
2,2018-12-23,0.05,3.9,3.8,0.97,0.2,Below Average,1.6,1.7,3.3,0.52,0.55,0.13,0.03,0,0.46,1,13,10
1,2018-12-23,0.15,10.3,6.9,0.67,0.13,Poor,5.5,2.9,8.4,0.35,0.38,0.15,0.05,0.03,0.31,10,14,10
2,2018-12-23,0.12,8.8,8.2,0.93,0.27,Below Average,3.5,2.9,6.4,0.45,0.52,0.16,0.13,0.08,0.43,1,14,10
1,2018-12-23,0.93,64,50.7,0.79,0.29,Below Average,28.4,18.6,47,0.4,0.45,0.17,0.11,0.07,0.37,10,44,10
1,2018-12-23,0.07,4.9,4,0.82,0.34,Average,2.7,1.5,4.2,0.36,0.45,0.1,0.04,0.04,0.35,10,45,10
1,2018-12-23,0.07,5,3.3,0.66,0.2,Below Average,2.1,0.9,3,0.3,0.35,0.24,0.16,0.02,0.32,10,46,10
1,2018-12-23,0.25,21.5,19.2,0.89,0.52,Good,12.8,6.7,19.5,0.34,0.46,0.05,0.06,0.05,0.35,2,2,10
2,2018-12-23,0.18,16,13.7,0.86,0.68,Very Good,8.8,4.7,13.5,0.35,0.44,0.09,0.08,0.06,0.36,2,2,10
1,2018-12-23,0.06,5,5.7,1.14,0.63,Good,1.6,2.6,4.2,0.62,0.62,0.1,0.12,0.1,0.58,2,18,10
2,2018-12-23,0.1,8.5,9.8,1.15,0.35,Average,2.8,4.3,7.1,0.61,0.61,0.07,0.14,0.14,0.59,2,18,10
1,2018-12-23,0.03,2.5,3.1,1.24,0.95,Excellent,0.9,1,1.9,0.53,0.61,0.08,0.2,0.16,0.56,2,6,10
2,2018-12-23,0.06,5.4,3.3,0.61,0.87,Excellent,3.2,1.1,4.3,0.26,0.29,0.13,0.11,0.09,0.28,2,6,10
1,2018-12-23,0.1,8.5,6.6,0.78,0.41,Average,3.7,2.7,6.4,0.42,0.42,0.15,0.12,0.11,0.4,2,4,10
2,2018-12-23,0.07,6.1,4.6,0.75,0.75,Very Good,2.8,1.9,4.7,0.4,0.4,0.12,0.12,0.1,0.41,2,4,10
1,2018-12-23,0.12,9.9,7.5,0.76,0.56,Good,3.9,3,6.9,0.44,0.48,0.23,0.09,0.07,0.34,2,3,10
2,2018-12-23,0.07,6.5,6,0.92,0.15,Below Average,1.8,2.5,4.3,0.58,0.61,0.25,0.12,0.11,0.45,2,3,10
1,2018-12-23,0.05,3.9,3.4,0.87,0.12,Poor,1.6,1.3,2.9,0.45,0.45,0.08,0.21,0.15,0.49,2,19,10
2,2018-12-23,0.09,7.9,7.1,0.9,0.85,Excellent,3,2.7,5.7,0.47,0.48,0.11,0.18,0.14,0.47,2,19,10
1,2018-12-23,0.07,6,4.3,0.72,0.39,Average,3,1.7,4.7,0.36,0.38,0.12,0.12,0.07,0.37,2,5,10
2,2018-12-23,0.08,7.3,5.9,0.81,0.41,Average,3,1.8,4.8,0.38,0.4,0.19,0.18,0.11,0.4,2,5,10
1,2018-12-23,0.03,2.7,1.7,0.63,0.12,Poor,1.8,0.6,2.4,0.25,0.33,0.07,0.04,0.04,0.26,2,8,10
2,2018-12-23,0.05,4.2,3.9,0.93,0.56,Good,1.7,1.5,3.2,0.47,0.53,0.17,0.1,0.07,0.43,2,8,10
1,2018-12-23,0.02,1.4,0.2,0.14,0,Poor,1,0.1,1.1,0.09,0.09,0.21,0,0,0.07,2,7,10
2,2018-12-23,0.03,2.8,1.6,0.57,0.86,Excellent,1.7,0.5,2.2,0.23,0.23,0.11,0.11,0.07,0.29,2,7,10
1,2018-12-23,0.09,7.5,3,0.4,0.35,Average,0.8,0.4,1.2,0.33,0.33,0.64,0.2,0,0.23,2,20,10
2,2018-12-23,0.09,7.8,3.8,0.49,0.41,Average,0.4,0.4,0.8,0.5,0.5,0.6,0.3,0.01,0.31,2,20,10
1,2018-12-23,0.09,7.9,7.2,0.91,0.73,Very Good,3.5,2.9,6.4,0.45,0.5,0.11,0.1,0.06,0.43,3,21,10
2,2018-12-23,0.1,8.6,6.5,0.76,0.65,Very Good,3.9,2.1,6,0.35,0.37,0.17,0.15,0.09,0.37,3,21,10
1,2018-12-23,0.23,19.5,14.3,0.73,0.23,Below Average,10.1,5.4,15.5,0.35,0.42,0.15,0.07,0.05,0.31,3,22,10
2,2018-12-23,0.16,14.4,14,0.97,0.12,Poor,5.2,5.6,10.8,0.52,0.58,0.19,0.1,0.08,0.44,3,22,10
1,2018-12-23,0.13,11.2,8.6,0.77,0.27,Below Average,5.5,3.4,8.9,0.38,0.4,0.12,0.11,0.09,0.38,3,23,10
2,2018-12-23,0.09,7.8,5.8,0.74,0.86,Excellent,3.6,2.4,6,0.4,0.4,0.13,0.12,0.1,0.4,3,23,10
1,2018-12-23,0.02,1.9,2.9,1.53,0.97,Excellent,0.5,1.2,1.7,0.71,0.82,0.11,0.05,0.05,0.63,4,24,10
2,2018-12-23,0.02,1.3,0.6,0.46,0.95,Excellent,0.9,0.3,1.2,0.25,0.25,0.08,0,0,0.23,4,24,10
1,2018-12-23,0.13,11.4,6.8,0.6,0.11,Poor,6.2,2.4,8.6,0.28,0.37,0.22,0.04,0.03,0.24,4,25,10
2,2018-12-23,0.1,9.2,8,0.87,0.35,Average,3.4,3.1,6.5,0.48,0.56,0.25,0.07,0.05,0.37,4,25,10
1,2018-12-23,0.03,2.7,2,0.74,0.17,Below Average,1.8,0.7,2.5,0.28,0.36,0,0.07,0.04,0.33,4,26,10
2,2018-12-23,0.02,1.7,1.2,0.71,0.87,Excellent,0.8,0.5,1.3,0.39,0.39,0.18,0.12,0.12,0.35,4,26,10
1,2018-12-23,0,0.1,0,0,-,-,0.1,0,0.1,0,0,0,0,0,0,5,27,10
2,2018-12-23,0.01,1,0.6,0.6,0.57,Good,0.4,0.2,0.6,0.33,0.33,0.3,0.1,0,0.3,5,27,10
1,2018-12-23,0.02,1.5,0.8,0.53,0.16,Below Average,1,0.3,1.3,0.23,0.27,0.07,0.07,0,0.27,5,28,10
2,2018-12-23,0.02,1.5,0.8,0.53,0.89,Excellent,0.6,0.3,0.9,0.33,0.33,0.33,0.07,0.07,0.27,5,28,10
1,2018-12-23,0.5,25.8,22.2,0.86,0.27,Below Average,17.7,8.1,25.8,0.31,0.43,0,0,0,0.31,6,29,10
2,2018-12-23,0.39,19.6,16,0.82,0.88,Excellent,13.6,6,19.6,0.31,0.4,0,0.01,0.01,0.31,6,29,10
1,2018-12-23,0.04,2.2,1.7,0.77,0.69,Very Good,1.6,0.6,2.2,0.27,0.39,0,0,0,0.27,6,30,10
2,2018-12-23,0.02,1.2,0.8,0.67,0.48,Average,0.9,0.3,1.2,0.25,0.33,0,0,0,0.25,6,30,10
1,2018-12-23,0.07,3.4,2.6,0.77,0.62,Good,2.1,1.3,3.4,0.38,0.38,0,0,0,0.38,6,31,10
2,2018-12-23,0.04,2.2,1,0.46,0.93,Excellent,1.7,0.5,2.2,0.23,0.23,0,0,0,0.23,6,31,10
1,2018-12-23,0.01,0.3,0.2,0.67,-,-,0.2,0.1,0.3,0.33,0.33,0,0,0,0.33,6,32,10
2,2018-12-23,-,-,-,-,-,-,-,-,-,-,-,-,-,-,-,6,32,10
1,2018-12-23,0.31,15.6,16.7,1.07,0.37,Average,7.6,8,15.6,0.51,0.51,0,0.06,0.06,0.51,6,33,10
2,2018-12-23,0.48,24.1,26.8,1.11,0.5,Average,11.1,13,24.1,0.54,0.54,0,0.05,0.05,0.54,6,33,10
1,2018-12-23,0.13,6.4,5.6,0.88,0.33,Average,3.7,2.7,6.4,0.42,0.42,0,0.03,0.03,0.42,6,34,10
2,2018-12-23,0.09,4.7,3.8,0.81,0.84,Excellent,2.8,1.9,4.7,0.4,0.4,0,0,0,0.4,6,34,10
1,2018-12-23,-,-,-,-,-,-,-,-,-,-,-,-,-,-,-,6,35,10
2,2018-12-23,-,-,-,-,-,-,-,-,-,-,-,-,-,-,-,6,35,10
1,2018-12-23,-,-,-,-,-,-,-,-,-,-,-,-,-,-,-,6,36,10
2,2018-12-23,-,-,-,-,-,-,-,-,-,-,-,-,-,-,-,6,36,10
1,2018-12-23,0.33,16.8,15.2,0.91,0.22,Below Average,11.7,5.1,16.8,0.3,0.45,0,0,0,0.3,7,37,10
2,2018-12-23,0.25,12.5,10.4,0.83,0.93,Excellent,8.9,3.6,12.5,0.29,0.41,0,0.01,0.01,0.29,7,37,10
1,2018-12-23,0.62,10.4,7.5,0.72,0.1,Poor,7.9,2.5,10.4,0.24,0.36,0,0,0,0.24,7,38,10
2,2018-12-23,0.5,6.2,5.8,0.94,0.53,Good,4.2,2,6.2,0.32,0.46,0,0.02,0.02,0.32,7,38,10
1,2018-12-23,0.38,6.4,7.7,1.2,0.7,Very Good,3.8,2.6,6.4,0.41,0.6,0,0,0,0.41,7,39,10
2,2018-12-23,0.5,6.3,4.6,0.73,0.97,Excellent,4.7,1.6,6.3,0.25,0.37,0,0,0,0.25,7,39,10
1,2018-12-23,0.15,7.8,5.7,0.73,0.39,Average,5.3,2.5,7.8,0.32,0.37,0,0,0,0.32,8,40,10
2,2018-12-23,0.12,5.9,4.4,0.75,0.59,Good,4,1.9,5.9,0.32,0.36,0,0.02,0.02,0.32,8,40,10
1,2018-12-23,0.14,3.5,3.2,0.91,0.83,Excellent,1.9,1.6,3.5,0.46,0.46,0,0,0,0.46,9,41,10
2,2018-12-23,0.22,4.4,2.8,0.64,0.75,Very Good,3,1.4,4.4,0.32,0.32,0,0,0,0.32,9,41,10
1,2018-12-23,0.06,1.5,1,0.67,0.44,Average,1,0.5,1.5,0.33,0.33,0,0,0,0.33,9,42,10
2,2018-12-23,0.12,2.3,1.6,0.7,0.51,Good,1.5,0.8,2.3,0.35,0.35,0,0,0,0.35,9,42,10
1,2018-12-23,0.81,20.8,18,0.87,0.15,Below Average,14.8,6,20.8,0.29,0.43,0,0,0,0.29,9,43,10
2,2018-12-23,0.66,12.9,11.6,0.9,0.81,Very Good,9.1,3.8,12.9,0.3,0.44,0,0.02,0.02,0.3,9,43,10
2,2018-12-23,1,72.5,59.7,0.82,0.66,Very Good,29.2,21.4,50.6,0.42,0.46,0.18,0.14,0.09,0.4,1,15,10
2,2018-12-23,-,-,-,-,-,-,-,-,-,-,-,-,-,-,-,1,16,10
2,2018-12-23,0.18,12.9,10.7,0.83,0.48,Average,4.6,3.7,8.3,0.45,0.49,0.23,0.13,0.07,0.41,1,17,10
1,2018-12-23,1,97.9,85.2,0.87,0.51,Good,41.6,31.4,73,0.43,0.49,0.15,0.12,0.09,0.4,10,1,11
2,2018-12-23,1,97.5,99.8,1.02,0.01,Poor,34.8,35,69.8,0.5,0.57,0.14,0.17,0.11,0.48,1,1,11
1,2018-12-23,0.22,21.4,21.1,0.99,0.57,Good,8.4,8,16.4,0.49,0.55,0.14,0.12,0.11,0.46,10,9,11
1,2018-12-23,0.22,21.4,21.1,0.99,0.57,Good,8.4,8,16.4,0.49,0.55,0.14,0.12,0.11,0.46,2,9,11
2,2018-12-23,0.22,21.8,23.1,1.06,0.23,Below Average,7.5,8.6,16.1,0.54,0.59,0.15,0.15,0.12,0.5,2,9,11
2,2018-12-23,0.22,21.8,23.1,1.06,0.23,Below Average,7.5,8.6,16.1,0.54,0.59,0.15,0.15,0.12,0.5,1,9,11
1,2018-12-23,0.78,76.5,64.1,0.84,0.46,Average,33.3,23.4,56.6,0.41,0.47,0.16,0.12,0.09,0.39,10,10,11
2,2018-12-23,0.78,75.7,76.7,1.01,0.01,Poor,27.4,26.4,53.7,0.49,0.56,0.14,0.18,0.11,0.47,1,10,11
1,2018-12-23,0.01,1.3,0.7,0.57,0.25,Below Average,1,0.3,1.3,0.21,0.29,0,0,0,0.21,10,11,11
2,2018-12-23,0.02,1.8,1.4,0.75,0.43,Average,1,0.5,1.5,0.31,0.38,0.1,0.1,0,0.35,1,11,11
1,2018-12-23,0.06,4.8,3.5,0.72,0.28,Below Average,2.4,1.4,3.7,0.37,0.4,0.15,0.09,0.09,0.34,10,12,11
2,2018-12-23,0.06,4.8,5.4,1.11,0.05,Poor,1.7,1.9,3.6,0.53,0.6,0.09,0.21,0.21,0.49,1,12,11
1,2018-12-23,0.04,2.8,2.8,1,0.84,Excellent,1.1,1.2,2.3,0.52,0.62,0.16,0.03,0.03,0.42,10,13,11
2,2018-12-23,0.03,2.2,1.5,0.71,0.66,Very Good,0.9,0.5,1.5,0.38,0.41,0.17,0.17,0,0.38,1,13,11
1,2018-12-23,0.12,9,6.5,0.72,0.21,Below Average,4,2.5,6.5,0.38,0.42,0.2,0.09,0.07,0.34,10,14,11
2,2018-12-23,0.12,8.9,8.2,0.92,0.3,Below Average,3.5,3.1,6.6,0.47,0.53,0.14,0.13,0.08,0.42,1,14,11
1,2018-12-23,0.96,73.5,61.2,0.83,0.47,Average,32.2,22.3,54.5,0.41,0.46,0.16,0.12,0.09,0.39,10,44,11
1,2018-12-23,0.04,3,2.9,0.97,0.69,Very Good,1.1,1.1,2.2,0.5,0.56,0.15,0.15,0.09,0.46,10,45,11
1,2018-12-23,0.04,3.3,2.9,0.89,0.7,Very Good,1.6,1.1,2.7,0.4,0.43,0.08,0.11,0.03,0.42,10,46,11
1,2018-12-23,0.23,22.1,18.5,0.84,0.31,Average,12.5,6.8,19.3,0.35,0.44,0.07,0.07,0.05,0.35,2,2,11
2,2018-12-23,0.2,19.5,22.1,1.13,0.03,Poor,9.3,7.7,17,0.46,0.59,0.06,0.08,0.06,0.45,2,2,11
1,2018-12-23,0.08,8,8.8,1.1,0.53,Good,3.3,3.6,6.9,0.53,0.53,0.03,0.16,0.15,0.55,2,18,11
2,2018-12-23,0.08,7.7,9.5,1.22,0.21,Below Average,2.5,3.9,6.4,0.61,0.61,0.05,0.2,0.18,0.62,2,18,11
1,2018-12-23,0.04,3.7,4.5,1.2,0.93,Excellent,1.9,1.6,3.5,0.46,0.62,0.05,0.02,0.02,0.44,2,6,11
2,2018-12-23,0.06,6.2,8,1.29,0.02,Poor,2.5,2.9,5.5,0.53,0.68,0.07,0.06,0.04,0.52,2,6,11
1,2018-12-23,0.06,6.2,4.1,0.66,0.2,Below Average,2.6,1.6,4.3,0.38,0.38,0.16,0.15,0.15,0.37,2,4,11
2,2018-12-23,0.1,9.3,9.5,1.02,0.11,Poor,2.9,3.7,6.6,0.56,0.56,0.13,0.19,0.15,0.54,2,4,11
1,2018-12-23,0.06,5.5,5.2,0.95,0.91,Excellent,1.7,2,3.7,0.54,0.6,0.25,0.08,0.07,0.43,2,3,11
2,2018-12-23,0.09,8.6,5.8,0.67,0.69,Very Good,4.7,1.7,6.5,0.27,0.3,0.12,0.15,0.1,0.33,2,3,11
1,2018-12-23,0.07,6.4,6.4,1,0.38,Average,2.3,2.5,4.8,0.53,0.53,0.07,0.2,0.14,0.53,2,19,11
2,2018-12-23,0.06,6.3,7.3,1.16,0.23,Below Average,1.5,2.7,4.2,0.65,0.65,0.15,0.22,0.17,0.58,2,19,11
1,2018-12-23,0.09,9.1,6.2,0.68,0.29,Below Average,4.9,1.9,6.8,0.28,0.3,0.13,0.13,0.1,0.33,2,5,11
2,2018-12-23,0.07,6.5,5.8,0.89,0.25,Below Average,2.3,1.9,4.2,0.46,0.48,0.18,0.21,0.18,0.44,2,5,11
1,2018-12-23,0.03,3.1,3,0.97,0.51,Good,1.1,0.8,1.9,0.43,0.5,0.15,0.24,0.21,0.47,2,8,11
2,2018-12-23,0.01,1.3,1.5,1.14,0.24,Below Average,0.5,0.5,1.1,0.5,0.58,0,0.21,0.14,0.5,2,8,11
1,2018-12-23,0.04,4,2.9,0.73,0.4,Average,2,1.2,3.2,0.37,0.43,0.18,0.02,0.02,0.32,2,7,11
2,2018-12-23,0.02,2.3,2.7,1.2,0.03,Poor,0.6,0.7,1.4,0.53,0.67,0.16,0.32,0.24,0.52,2,7,11
1,2018-12-23,0.09,8.5,4.5,0.53,0.7,Very Good,1,1.2,2.2,0.54,0.63,0.56,0.18,0.03,0.27,2,20,11
2,2018-12-23,0.08,8,4.6,0.58,0.18,Below Average,0.5,0.5,1,0.46,0.5,0.5,0.39,0.03,0.34,2,20,11
1,2018-12-23,0.12,11.5,8.4,0.72,0.3,Below Average,6.5,2.6,9.1,0.29,0.34,0.11,0.11,0.09,0.33,3,21,11
2,2018-12-23,0.09,9.1,8,0.88,0.35,Average,3.7,2.6,6.4,0.41,0.44,0.14,0.19,0.17,0.43,3,21,11
1,2018-12-23,0.13,12.5,11.5,0.92,0.78,Very Good,4.9,4,8.9,0.45,0.52,0.18,0.12,0.1,0.42,3,22,11
2,2018-12-23,0.14,13.6,11.6,0.85,0.48,Average,7.1,3.8,10.9,0.35,0.41,0.08,0.13,0.09,0.39,3,22,11
1,2018-12-23,0.08,7.5,5,0.67,0.12,Poor,3.5,1.9,5.4,0.36,0.37,0.13,0.15,0.15,0.35,3,23,11
2,2018-12-23,0.13,13.1,13.7,1.05,0.15,Below Average,4.6,5.1,9.7,0.52,0.58,0.11,0.17,0.13,0.51,3,23,11
1,2018-12-23,0.03,2.5,2.2,0.89,0.4,Average,1.5,0.7,2.3,0.32,0.44,0.04,0.04,0.04,0.33,4,24,11
2,2018-12-23,0.03,2.5,2.2,0.86,0.62,Good,1.5,0.7,2.2,0.33,0.38,0.04,0.14,0.14,0.39,4,24,11
1,2018-12-23,0.08,8.3,6.4,0.77,0.45,Average,3.2,2,5.2,0.39,0.46,0.25,0.13,0.11,0.35,4,25,11
2,2018-12-23,0.06,5.9,6,1.02,0.08,Poor,2.4,2.1,4.5,0.47,0.58,0.14,0.12,0.08,0.43,4,25,11
1,2018-12-23,0.01,1.3,0.9,0.71,0.15,Below Average,0.8,0.3,1.1,0.25,0.33,0,0.14,0.14,0.29,4,26,11
2,2018-12-23,0.04,3.8,4.3,1.12,0.4,Average,1.7,1.4,3.1,0.44,0.62,0.07,0.12,0.07,0.45,4,26,11
1,2018-12-23,0,0.3,0.2,0.67,-,-,0.2,0,0.2,0,0,0,0.33,0.33,0.33,5,27,11
2,2018-12-23,-,-,-,-,-,-,-,-,-,-,-,-,-,-,-,5,27,11
1,2018-12-23,0.01,0.6,0.4,0.57,-,-,0.3,0.2,0.5,0.4,0.4,0.29,0,0,0.29,5,28,11
2,2018-12-23,0.03,3.2,2.3,0.71,0.71,Very Good,1.5,0.7,2.3,0.32,0.44,0.17,0.11,0.03,0.31,5,28,11
1,2018-12-23,0.5,28.5,25,0.88,0.32,Average,19.2,9.4,28.5,0.33,0.44,0,0.01,0.01,0.33,6,29,11
2,2018-12-23,0.48,25.8,28.5,1.1,0.06,Poor,15.5,10.4,25.8,0.4,0.55,0,0.01,0.01,0.4,6,29,11
1,2018-12-23,0.02,1.1,0.5,0.5,0.3,Below Average,0.9,0.2,1.1,0.17,0.25,0,0,0,0.17,6,30,11
2,2018-12-23,0.02,1.1,0.5,0.5,0.71,Very Good,0.9,0.2,1.1,0.17,0.25,0,0,0,0.17,6,30,11
1,2018-12-23,0.07,3.7,3.6,0.98,0.88,Excellent,2,1.7,3.7,0.46,0.46,0,0.05,0.05,0.46,6,31,11
2,2018-12-23,0.03,1.8,1.6,0.9,0.17,Below Average,1,0.8,1.8,0.45,0.45,0,0,0,0.45,6,31,11
1,2018-12-23,-,-,-,-,-,-,-,-,-,-,-,-,-,-,-,6,32,11
2,2018-12-23,-,-,-,-,-,-,-,-,-,-,-,-,-,-,-,6,32,11
1,2018-12-23,0.36,20.1,21.6,1.08,0.39,Average,9.5,10.6,20.1,0.53,0.53,0,0.05,0.05,0.53,6,33,11
2,2018-12-23,0.36,19.5,23.5,1.21,0.23,Below Average,8,11.5,19.5,0.59,0.59,0,0.08,0.07,0.59,6,33,11
1,2018-12-23,0.08,4.3,3.3,0.77,0.18,Below Average,2.6,1.6,4.3,0.38,0.38,0,0,0,0.38,6,34,11
2,2018-12-23,0.12,6.6,7.6,1.15,0.15,Below Average,2.9,3.7,6.6,0.56,0.56,0,0.04,0.04,0.56,6,34,11
1,2018-12-23,-,-,-,-,-,-,-,-,-,-,-,-,-,-,-,6,35,11
2,2018-12-23,-,-,-,-,-,-,-,-,-,-,-,-,-,-,-,6,35,11
1,2018-12-23,-,-,-,-,-,-,-,-,-,-,-,-,-,-,-,6,36,11
2,2018-12-23,-,-,-,-,-,-,-,-,-,-,-,-,-,-,-,6,36,11
1,2018-12-23,0.28,16,15.5,0.97,0.4,Average,10.6,5.4,16,0.34,0.48,0,0.01,0.01,0.34,7,37,11
2,2018-12-23,0.32,17.4,21.4,1.23,0.04,Poor,10.1,7.3,17.4,0.42,0.61,0,0.01,0.01,0.42,7,37,11
1,2018-12-23,0.6,9.5,7.7,0.81,0.24,Below Average,6.9,2.6,9.5,0.28,0.41,0,0.01,0.01,0.28,7,38,11
2,2018-12-23,0.42,7.4,8.3,1.12,0.13,Poor,4.5,2.9,7.4,0.4,0.56,0,0.01,0.01,0.4,7,38,11
1,2018-12-23,0.4,6.5,7.7,1.2,0.69,Very Good,3.7,2.7,6.5,0.42,0.6,0,0,0,0.42,7,39,11
2,2018-12-23,0.58,10,13.1,1.31,0.12,Poor,5.6,4.4,10,0.44,0.66,0,0,0,0.44,7,39,11
1,2018-12-23,0.19,10.8,7.8,0.72,0.37,Average,7.5,3.4,10.8,0.31,0.36,0,0.01,0.01,0.31,8,40,11
2,2018-12-23,0.14,7.3,6.2,0.85,0.27,Below Average,4.5,2.7,7.3,0.38,0.42,0,0.01,0.01,0.38,8,40,11
1,2018-12-23,0.19,5.5,4.2,0.77,0.57,Good,3.4,2.1,5.5,0.38,0.38,0,0,0,0.38,9,41,11
2,2018-12-23,0.16,4,3.9,0.98,0.08,Poor,2.1,1.9,4,0.48,0.48,0,0.02,0.02,0.48,9,41,11
1,2018-12-23,0.14,3.9,2.2,0.56,0.27,Below Average,2.8,1.1,3.9,0.28,0.28,0,0,0,0.28,9,42,11
2,2018-12-23,0.08,2.1,1.8,0.87,0.18,Below Average,1.2,0.9,2.1,0.44,0.44,0,0,0,0.44,9,42,11
1,2018-12-23,0.67,19.2,18.6,0.97,0.43,Average,13,6.2,19.2,0.32,0.48,0,0.01,0.01,0.32,9,43,11
2,2018-12-23,0.76,19.7,22.7,1.15,0.09,Poor,12.2,7.5,19.7,0.38,0.57,0,0.01,0.01,0.38,9,43,11
2,2018-12-23,0.99,75.2,75.8,1.01,0.01,Poor,27.4,26.1,53.5,0.49,0.56,0.14,0.17,0.11,0.47,1,15,11
2,2018-12-23,0.01,0.5,0.9,1.67,-,-,0,0.3,0.3,1,1.17,0,0.5,0,0.83,1,16,11
2,2018-12-23,0.05,3.7,4,1.07,0.1,Poor,1,0.8,1.8,0.45,0.53,0.12,0.39,0,0.56,1,17,11
1,2018-12-23,1,79.9,63.3,0.79,0.16,Below Average,33.9,24.8,58.7,0.42,0.47,0.19,0.1,0.06,0.37,10,1,12
2,2018-12-23,1,75.4,60.9,0.81,0.85,Excellent,33.6,21.9,55.5,0.4,0.45,0.16,0.12,0.08,0.38,1,1,12
1,2018-12-23,0.16,12.7,12.3,0.97,0.5,Average,5.1,4.8,9.9,0.49,0.53,0.12,0.14,0.11,0.45,10,9,12
1,2018-12-23,0.16,12.7,12.3,0.97,0.5,Average,5.1,4.8,9.9,0.49,0.53,0.12,0.14,0.11,0.45,2,9,12
2,2018-12-23,0.17,13,13.3,1.02,0.36,Average,4.6,4.8,9.3,0.51,0.59,0.16,0.13,0.11,0.48,2,9,12
2,2018-12-23,0.17,13,13.3,1.02,0.36,Average,4.6,4.8,9.3,0.51,0.59,0.16,0.13,0.11,0.48,1,9,12
1,2018-12-23,0.84,67.3,51,0.76,0.14,Poor,28.8,19.9,48.8,0.41,0.46,0.2,0.09,0.05,0.35,10,10,12
2,2018-12-23,0.83,62.4,47.7,0.76,0.91,Excellent,29,17.2,46.2,0.37,0.42,0.16,0.12,0.07,0.36,1,10,12
1,2018-12-23,0.07,5.3,4.3,0.8,0.7,Very Good,3.1,1.5,4.6,0.33,0.43,0.09,0.06,0.05,0.31,10,11,12
2,2018-12-23,0.03,2.6,0.5,0.19,0.99,Excellent,2.1,0.2,2.3,0.07,0.11,0.13,0,0,0.07,1,11,12
1,2018-12-23,0.1,6.7,4.3,0.64,0.15,Below Average,3.2,1.8,4.9,0.36,0.4,0.2,0.06,0.04,0.3,10,12,12
2,2018-12-23,0.09,5.6,4.3,0.76,0.64,Good,2.7,1.3,4,0.33,0.38,0.15,0.13,0.1,0.37,1,12,12
1,2018-12-23,0.05,3.3,1.9,0.58,0.16,Below Average,1.5,0.8,2.3,0.33,0.37,0.25,0.08,0.08,0.28,10,13,12
2,2018-12-23,0.06,3.8,2.9,0.78,0.55,Good,1.9,1.2,3.1,0.38,0.41,0.07,0.11,0.04,0.38,1,13,12
1,2018-12-23,0.11,7.5,6.3,0.84,0.54,Good,3.2,2.4,5.6,0.43,0.55,0.2,0.06,0.03,0.34,10,14,12
2,2018-12-23,0.12,7.2,6,0.84,0.5,Average,2.7,2.5,5.2,0.48,0.51,0.19,0.11,0.06,0.42,1,14,12
1,2018-12-23,0.92,61.6,47.3,0.77,0.2,Below Average,26.1,18.7,44.8,0.42,0.46,0.2,0.09,0.05,0.36,10,44,12
1,2018-12-23,0.08,5.7,3.7,0.65,0.05,Poor,2.8,1.3,4,0.31,0.38,0.21,0.1,0.06,0.28,10,45,12
1,2018-12-23,0.1,6.8,5,0.74,0.33,Average,2.6,1.9,4.5,0.43,0.48,0.24,0.11,0.06,0.35,10,46,12
1,2018-12-23,0.19,15.4,12,0.78,0.17,Below Average,9.5,4.6,14.1,0.33,0.42,0.08,0.02,0.01,0.3,2,2,12
2,2018-12-23,0.22,16.9,11.8,0.7,0.99,Excellent,10.3,4.3,14.6,0.29,0.38,0.1,0.03,0.02,0.28,2,2,12
1,2018-12-23,0.07,5.6,5.4,0.97,0.25,Below Average,2.1,2.2,4.3,0.51,0.51,0.1,0.18,0.15,0.49,2,18,12
2,2018-12-23,0.11,8,8.8,1.1,0.48,Average,2.8,3.7,6.4,0.57,0.57,0.06,0.17,0.15,0.57,2,18,12
1,2018-12-23,0.04,3.1,1.7,0.54,0.1,Poor,2.2,0.7,2.8,0.24,0.28,0.05,0.03,0.03,0.24,2,6,12
2,2018-12-23,0.06,4.7,3.8,0.8,0.65,Very Good,3,1.3,4.3,0.31,0.38,0,0.07,0.07,0.34,2,6,12
1,2018-12-23,0.09,6.9,5.7,0.82,0.52,Good,2.6,2.5,5.1,0.49,0.49,0.18,0.1,0.06,0.43,2,4,12
2,2018-12-23,0.1,7.8,6.6,0.84,0.53,Good,3.3,2.6,5.8,0.44,0.44,0.16,0.11,0.06,0.43,2,4,12
1,2018-12-23,0.16,12.6,9.4,0.75,0.53,Good,5.5,4,9.5,0.42,0.47,0.23,0.03,0.03,0.34,2,3,12
2,2018-12-23,0.09,6.6,3.8,0.57,0.91,Excellent,3.3,1.2,4.5,0.26,0.3,0.19,0.13,0.08,0.29,2,3,12
1,2018-12-23,0.09,6.9,7.8,1.13,0.72,Very Good,2.3,3,5.3,0.57,0.57,0.1,0.21,0.15,0.58,2,19,12
2,2018-12-23,0.04,3,3,1,0.61,Good,1,1.3,2.3,0.56,0.56,0.06,0.22,0.19,0.53,2,19,12
1,2018-12-23,0.05,4.1,3.2,0.78,0.52,Good,2,1.1,3.1,0.35,0.37,0.12,0.12,0.1,0.39,2,5,12
2,2018-12-23,0.06,4.8,3.6,0.74,0.57,Good,2.5,1.3,3.8,0.33,0.37,0.12,0.1,0.09,0.36,2,5,12
1,2018-12-23,0.04,3.4,2.8,0.81,0.28,Below Average,1.7,1.2,2.8,0.41,0.46,0.12,0.05,0.05,0.37,2,8,12
2,2018-12-23,0.02,1.6,1.1,0.68,0.86,Excellent,0.8,0.5,1.3,0.4,0.43,0.16,0.05,0.05,0.32,2,8,12
1,2018-12-23,0.02,1.2,1.1,0.93,0.75,Very Good,0.5,0.4,0.9,0.46,0.59,0.21,0,0,0.36,2,7,12
2,2018-12-23,0.03,2.3,2.1,0.93,0.31,Average,1.3,0.8,2,0.38,0.42,0.07,0.15,0.15,0.37,2,7,12
1,2018-12-23,0.1,8.1,2,0.25,0.07,Poor,0.6,0.3,0.9,0.36,0.41,0.7,0.2,0.01,0.14,2,20,12
2,2018-12-23,0.09,6.8,3.3,0.48,0.43,Average,0.8,0.4,1.3,0.33,0.4,0.57,0.26,0.04,0.27,2,20,12
1,2018-12-23,0.06,4.7,3.6,0.77,0.41,Average,2.4,1.3,3.7,0.34,0.36,0.11,0.11,0.09,0.38,3,21,12
2,2018-12-23,0.09,6.6,4.8,0.73,0.7,Very Good,3.7,1.8,5.5,0.33,0.36,0.09,0.08,0.06,0.35,3,21,12
1,2018-12-23,0.26,20.7,16.7,0.81,0.45,Average,9.8,6.9,16.8,0.41,0.47,0.17,0.04,0.03,0.36,3,22,12
2,2018-12-23,0.16,12.1,7.5,0.62,0.97,Excellent,6.3,2.7,9,0.3,0.34,0.17,0.1,0.06,0.3,3,22,12
1,2018-12-23,0.11,8.6,7.8,0.9,0.58,Good,3.3,3.2,6.5,0.49,0.52,0.16,0.1,0.07,0.45,3,23,12
2,2018-12-23,0.14,10.5,9.1,0.87,0.59,Good,4.7,3.5,8.2,0.43,0.45,0.14,0.1,0.07,0.42,3,23,12
1,2018-12-23,0.01,0.6,0.4,0.71,-,-,0.4,0.2,0.6,0.29,0.36,0,0,0,0.29,4,24,12
2,2018-12-23,0.02,1.8,1.3,0.71,0.77,Very Good,1.2,0.6,1.8,0.33,0.36,0,0,0,0.33,4,24,12
1,2018-12-23,0.13,10.3,7.3,0.7,0.29,Below Average,4.3,2.9,7.3,0.4,0.47,0.27,0.03,0.02,0.3,4,25,12
2,2018-12-23,0.08,6.3,3.8,0.61,0.9,Excellent,3,1.5,4.5,0.33,0.39,0.23,0.07,0.04,0.28,4,25,12
1,2018-12-23,0.02,1.7,2.1,1.25,0.78,Very Good,0.8,0.7,1.4,0.47,0.62,0.05,0.1,0.1,0.5,4,26,12
2,2018-12-23,0.04,2.7,2.5,0.94,0.64,Good,1.4,0.9,2.3,0.39,0.48,0.06,0.09,0.09,0.41,4,26,12
1,2018-12-23,0,0.3,0.3,1,-,-,0,0.1,0.1,1,1.5,0.67,0,0,0.33,5,27,12
2,2018-12-23,0,0.1,0,0,-,-,0.1,0,0.1,0,0,0,0,0,0,5,27,12
1,2018-12-23,0.02,1.7,1.5,0.9,0.56,Good,0.5,0.5,1,0.5,0.67,0.3,0.1,0.05,0.35,5,28,12
2,2018-12-23,0.02,1.5,0.6,0.39,0.96,Excellent,0.9,0.2,1.1,0.15,0.15,0.17,0.11,0.11,0.22,5,28,12
1,2018-12-23,0.57,28,24.3,0.87,0.28,Below Average,18.3,9.8,28,0.35,0.43,0,0.01,0.01,0.35,6,29,12
2,2018-12-23,0.47,21.5,15.5,0.72,0.98,Excellent,15.8,5.7,21.5,0.26,0.36,0,0,0,0.26,6,29,12
1,2018-12-23,0.07,3.4,3.7,1.07,0.91,Excellent,2.1,1.3,3.4,0.39,0.52,0,0.02,0.02,0.39,6,30,12
2,2018-12-23,0.03,1.5,0.5,0.33,0.87,Excellent,1.3,0.2,1.5,0.11,0.17,0,0,0,0.11,6,30,12
1,2018-12-23,0.04,2,0.8,0.42,0.05,Poor,1.6,0.4,2,0.21,0.21,0,0,0,0.21,6,31,12
2,2018-12-23,0.06,2.8,1.8,0.65,0.64,Good,1.9,0.9,2.8,0.32,0.32,0,0,0,0.32,6,31,12
1,2018-12-23,0,0.1,0,0,-,-,0.1,0,0.1,0,0,0,0,0,0,6,32,12
2,2018-12-23,0,0.2,0,0,-,-,0.2,0,0.2,0,0,0,0,0,0,6,32,12
1,2018-12-23,0.28,13.7,15,1.1,0.47,Average,6.4,7.3,13.7,0.53,0.53,0,0.06,0.06,0.53,6,33,12
2,2018-12-23,0.35,16,16.5,1.03,0.78,Very Good,8,8,16,0.5,0.5,0,0.04,0.04,0.5,6,33,12
1,2018-12-23,0.1,5.1,5.1,1,0.6,Good,2.6,2.5,5.1,0.49,0.49,0,0.02,0.02,0.49,6,34,12
2,2018-12-23,0.13,5.8,5.3,0.9,0.69,Very Good,3.3,2.6,5.8,0.44,0.44,0,0.01,0.01,0.44,6,34,12
1,2018-12-23,-,-,-,-,-,-,-,-,-,-,-,-,-,-,-,6,35,12
2,2018-12-23,0,0.1,0,0,-,-,0.1,0,0.1,0,0,0,0,0,0,6,35,12
1,2018-12-23,-,-,-,-,-,-,-,-,-,-,-,-,-,-,-,6,36,12
2,2018-12-23,-,-,-,-,-,-,-,-,-,-,-,-,-,-,-,6,36,12
1,2018-12-23,0.3,14.7,12.2,0.83,0.11,Poor,10.3,4.4,14.7,0.3,0.41,0,0.01,0.01,0.3,7,37,12
2,2018-12-23,0.29,13.4,10.6,0.79,0.96,Excellent,9.8,3.6,13.4,0.27,0.39,0,0,0,0.27,7,37,12
1,2018-12-23,0.44,6.5,4.9,0.76,0.13,Poor,4.7,1.8,6.5,0.28,0.37,0,0.01,0.01,0.28,7,38,12
2,2018-12-23,0.54,7.3,4.9,0.68,0.95,Excellent,5.6,1.7,7.3,0.23,0.34,0,0,0,0.23,7,38,12
1,2018-12-23,0.56,8.2,7.3,0.89,0.16,Below Average,5.6,2.6,8.2,0.32,0.44,0,0,0,0.32,7,39,12
2,2018-12-23,0.46,6.2,5.7,0.92,0.82,Very Good,4.3,1.9,6.2,0.31,0.46,0,0,0,0.31,7,39,12
1,2018-12-23,0.24,11.8,11.2,0.95,0.86,Excellent,6.8,4.9,11.8,0.42,0.47,0,0.01,0.01,0.42,8,40,12
2,2018-12-23,0.15,6.9,3.8,0.55,0.95,Excellent,5.3,1.7,6.9,0.24,0.28,0,0,0,0.24,8,40,12
1,2018-12-23,0.21,5.8,5.3,0.93,0.84,Excellent,3.1,2.7,5.8,0.46,0.46,0,0,0,0.46,9,41,12
2,2018-12-23,0.17,3.8,2.3,0.62,0.78,Very Good,2.6,1.2,3.8,0.31,0.31,0,0,0,0.31,9,41,12
1,2018-12-23,0.24,6.8,5.1,0.75,0.61,Good,4.3,2.5,6.8,0.37,0.37,0,0.01,0.01,0.37,9,42,12
2,2018-12-23,0.14,3,0.7,0.22,1,Excellent,2.7,0.3,3,0.11,0.11,0,0,0,0.11,9,42,12
1,2018-12-23,0.55,15.5,13.8,0.89,0.19,Below Average,10.9,4.6,15.5,0.3,0.44,0,0.01,0.01,0.3,9,43,12
2,2018-12-23,0.69,14.8,12.5,0.85,0.91,Excellent,10.6,4.2,14.8,0.28,0.42,0,0,0,0.28,9,43,12
2,2018-12-23,1,62.2,47.5,0.76,0.88,Excellent,28.9,17.1,46,0.37,0.42,0.16,0.12,0.07,0.36,1,15,12
2,2018-12-23,0,0.3,0.2,0.67,-,-,0.1,0.1,0.2,0.5,0.5,0.33,0,0,0.33,1,16,12
2,2018-12-23,0.01,0.7,0.8,1.13,-,-,0.1,0,0.1,0,0,0.13,0.75,0.13,0.75,1,17,12
